出力日時,2021/06/21 13:40:06
データソース,hematite_First.S4-4-1_LSV
表示対象ノード,Root\ECstat-301\LSV
Time(s),NodeTime(s),OutputVoltage(V),Current(A),Capacity(C)
3.345,0.100,-0.392,2E-06,1.18E-07
3.445,0.200,-0.391,1E-06,2.325E-07
3.545,0.300,-0.39,3E-06,4.275E-07
3.645,0.400,-0.389,2E-06,5.98E-07
3.745,0.500,-0.388,2E-06,8.04000000000001E-07
3.845,0.600,-0.387,1E-06,9.81500000000002E-07
3.945,0.700,-0.386,3E-06,1.1745E-06
4.045,0.800,-0.385,2E-06,1.356E-06
4.145,0.900,-0.384,2E-06,1.575E-06
4.245,1.000,-0.383,3E-06,1.7715E-06
4.345,1.100,-0.382,2E-06,2.01099999999999E-06
4.445,1.200,-0.381,2E-06,2.24699999999999E-06
4.545,1.300,-0.38,2E-06,2.51099999999999E-06
4.645,1.400,-0.379,2E-06,2.75499999999999E-06
4.745,1.500,-0.378,2E-06,2.97099999999999E-06
4.845,1.600,-0.377,3E-06,3.22549999999999E-06
4.945,1.700,-0.376,2E-06,3.50399999999999E-06
5.045,1.800,-0.375,2E-06,3.78099999999998E-06
5.145,1.900,-0.374,4E-06,4.06399999999999E-06
5.245,2.000,-0.373,4E-06,4.36799999999999E-06
5.345,2.100,-0.372,3E-06,4.67249999999999E-06
5.445,2.200,-0.371,3E-06,4.98749999999999E-06
5.545,2.300,-0.37,4E-06,5.32799999999998E-06
5.645,2.400,-0.369,4E-06,5.62399999999999E-06
5.745,2.500,-0.368,3E-06,5.97549999999998E-06
5.845,2.600,-0.367,3E-06,6.29249999999998E-06
5.945,2.700,-0.366,3E-06,6.62749999999998E-06
6.045,2.800,-0.365,3E-06,6.95049999999997E-06
6.145,2.900,-0.364,4E-06,7.28199999999997E-06
6.245,3.000,-0.363,4E-06,7.61799999999997E-06
6.345,3.100,-0.362,3E-06,7.95049999999998E-06
6.445,3.200,-0.361,4E-06,8.332E-06
6.545,3.300,-0.36,4E-06,8.71100000000003E-06
6.645,3.400,-0.359,4E-06,9.09900000000007E-06
6.745,3.500,-0.358,3E-06,9.4735000000001E-06
6.845,3.600,-0.357,5E-06,9.83250000000012E-06
6.945,3.700,-0.356,3E-06,1.02215000000002E-05
7.045,3.800,-0.355,4E-06,1.06270000000002E-05
7.145,3.900,-0.354,3E-06,1.10185000000002E-05
7.245,4.000,-0.353,3E-06,1.14035000000003E-05
7.345,4.100,-0.352,4E-06,1.18140000000003E-05
7.445,4.200,-0.351,5E-06,1.22175000000003E-05
7.545,4.300,-0.35,4E-06,1.26450000000004E-05
7.645,4.400,-0.349,5E-06,1.30645000000004E-05
7.745,4.500,-0.348,4E-06,1.35440000000005E-05
7.845,4.600,-0.347,6E-06,1.39880000000005E-05
7.945,4.700,-0.346,4E-06,1.44620000000005E-05
8.045,4.800,-0.345,5E-06,1.49205000000006E-05
8.145,4.900,-0.344,5E-06,1.53835000000006E-05
8.245,5.000,-0.343,5E-06,1.58505000000006E-05
8.345,5.100,-0.342,6E-06,1.63290000000006E-05
8.445,5.200,-0.341,5E-06,1.68175000000006E-05
8.545,5.300,-0.34,5E-06,1.72995000000006E-05
8.645,5.400,-0.339,5E-06,1.77745000000006E-05
8.745,5.500,-0.338,6E-06,1.82480000000007E-05
8.845,5.600,-0.337,5E-06,1.87885000000007E-05
8.945,5.700,-0.336,6E-06,1.92820000000007E-05
9.045,5.800,-0.335,5E-06,1.97805000000007E-05
9.145,5.900,-0.334,5E-06,2.02775000000007E-05
9.245,6.000,-0.333,5E-06,2.07915000000007E-05
9.345,6.100,-0.332,6E-06,2.13170000000007E-05
9.445,6.200,-0.331,6E-06,2.18910000000007E-05
9.545,6.300,-0.33,6E-06,2.24120000000007E-05
9.645,6.400,-0.329,5E-06,2.29675000000007E-05
9.745,6.500,-0.328,7E-06,2.35145000000007E-05
9.845,6.600,-0.327,5E-06,2.41095000000007E-05
9.945,6.700,-0.326,6E-06,2.46670000000007E-05
10.045,6.800,-0.325,6E-06,2.52530000000007E-05
10.145,6.900,-0.324,6E-06,2.58510000000007E-05
10.245,7.000,-0.323,5E-06,2.64655000000007E-05
10.345,7.100,-0.322,6E-06,2.70900000000007E-05
10.445,7.200,-0.321,6E-06,2.76800000000007E-05
10.545,7.300,-0.32,7E-06,2.83035000000007E-05
10.645,7.400,-0.319,6E-06,2.89230000000007E-05
10.745,7.500,-0.318,7E-06,2.95525000000007E-05
10.845,7.600,-0.317,7E-06,3.01765000000007E-05
10.945,7.700,-0.316,8E-06,3.08290000000006E-05
11.045,7.800,-0.315,6E-06,3.14580000000006E-05
11.145,7.900,-0.314,6E-06,3.20690000000005E-05
11.245,8.000,-0.313,7E-06,3.27305000000005E-05
11.345,8.100,-0.312,7E-06,3.33805000000005E-05
11.445,8.200,-0.311,7E-06,3.40505000000005E-05
11.545,8.300,-0.31,7E-06,3.46985000000005E-05
11.645,8.400,-0.309,5E-06,3.53655000000006E-05
11.745,8.500,-0.308,8E-06,3.60540000000006E-05
11.845,8.600,-0.307,8E-06,3.67300000000006E-05
11.945,8.700,-0.306,8E-06,3.74110000000006E-05
12.045,8.800,-0.305,8E-06,3.81590000000006E-05
12.145,8.900,-0.304,7E-06,3.88575000000007E-05
12.245,9.000,-0.303,6E-06,3.95910000000007E-05
12.345,9.100,-0.302,7E-06,4.03075000000007E-05
12.445,9.200,-0.301,8E-06,4.10430000000008E-05
12.545,9.300,-0.3,7E-06,4.17885000000008E-05
12.645,9.400,-0.299,6E-06,4.25260000000008E-05
12.745,9.500,-0.298,9E-06,4.33005000000009E-05
12.845,9.600,-0.297,9E-06,4.40675000000009E-05
12.945,9.700,-0.296,8E-06,4.4840000000001E-05
13.045,9.800,-0.295,8E-06,4.56320000000011E-05
13.145,9.900,-0.294,8E-06,4.64340000000011E-05
13.245,10.000,-0.293,9E-06,4.72665000000012E-05
13.345,10.100,-0.292,9E-06,4.80985000000012E-05
13.445,10.200,-0.291,8E-06,4.89550000000013E-05
13.545,10.300,-0.29,8E-06,4.97870000000013E-05
13.645,10.400,-0.289,9E-06,5.06025000000014E-05
13.745,10.500,-0.288,9E-06,5.14445000000014E-05
13.845,10.600,-0.287,8E-06,5.23090000000015E-05
13.945,10.700,-0.286,8E-06,5.31700000000015E-05
14.045,10.800,-0.285,9E-06,5.40325000000016E-05
14.145,10.900,-0.284,9E-06,5.49325000000017E-05
14.245,11.000,-0.283,1E-05,5.58360000000017E-05
14.345,11.100,-0.282,1.1E-05,5.67535000000017E-05
14.445,11.200,-0.281,1E-05,5.76830000000017E-05
14.545,11.300,-0.28,1E-05,5.86150000000018E-05
14.645,11.400,-0.279,9E-06,5.95445000000018E-05
14.745,11.500,-0.278,1.1E-05,6.05065000000018E-05
14.845,11.600,-0.277,1.2E-05,6.14710000000018E-05
14.945,11.700,-0.276,8E-06,6.24570000000018E-05
15.045,11.800,-0.275,1.1E-05,6.34315000000017E-05
15.145,11.900,-0.274,1.1E-05,6.44335000000016E-05
15.245,12.000,-0.273,9E-06,6.54105000000016E-05
15.345,12.100,-0.272,1.1E-05,6.64415000000016E-05
15.445,12.200,-0.271,1.1E-05,6.75065000000016E-05
15.545,12.300,-0.27,1.2E-05,6.85450000000016E-05
15.645,12.400,-0.269,1.2E-05,6.96310000000016E-05
15.745,12.500,-0.268,1.2E-05,7.06850000000016E-05
15.845,12.600,-0.267,1E-05,7.17690000000016E-05
15.945,12.700,-0.266,1E-05,7.28380000000017E-05
16.045,12.800,-0.265,1.2E-05,7.39590000000017E-05
16.145,12.900,-0.264,1.3E-05,7.51215000000018E-05
16.245,13.000,-0.263,1.2E-05,7.6293000000002E-05
16.345,13.100,-0.262,1.1E-05,7.74435000000021E-05
16.445,13.200,-0.261,1.1E-05,7.85975000000022E-05
16.545,13.300,-0.26,1.2E-05,7.97640000000023E-05
16.645,13.400,-0.259,1.2E-05,8.09650000000024E-05
16.745,13.500,-0.258,1.3E-05,8.21805000000025E-05
16.845,13.600,-0.257,1.2E-05,8.33970000000027E-05
16.945,13.700,-0.256,1.4E-05,8.46600000000027E-05
17.045,13.800,-0.255,1.3E-05,8.59365000000026E-05
17.145,13.900,-0.254,1.3E-05,8.72315000000026E-05
17.245,14.000,-0.253,1.3E-05,8.85485000000025E-05
17.345,14.100,-0.252,1.4E-05,8.98770000000025E-05
17.445,14.200,-0.251,1.4E-05,9.12320000000024E-05
17.545,14.300,-0.25,1.4E-05,9.26200000000024E-05
17.645,14.400,-0.249,1.6E-05,9.39970000000024E-05
17.745,14.500,-0.248,1.4E-05,9.54310000000024E-05
17.845,14.600,-0.247,1.6E-05,9.68720000000024E-05
17.945,14.700,-0.246,1.7E-05,9.83455000000024E-05
18.045,14.800,-0.245,1.5E-05,9.98195000000024E-05
18.145,14.900,-0.244,1.5E-05,0.000101352500000002
18.245,15.000,-0.243,1.5E-05,0.000102892500000002
18.345,15.100,-0.242,1.6E-05,0.000104457000000003
18.445,15.200,-0.241,1.7E-05,0.000106051500000003
18.545,15.300,-0.24,1.4E-05,0.000107669000000003
18.645,15.400,-0.239,1.6E-05,0.000109299000000003
18.745,15.500,-0.238,1.7E-05,0.000110951500000003
18.845,15.600,-0.237,1.7E-05,0.000112607500000003
18.945,15.700,-0.236,1.7E-05,0.000114310500000003
19.045,15.800,-0.235,1.7E-05,0.000116041500000004
19.145,15.900,-0.234,1.8E-05,0.000117818000000004
19.245,16.000,-0.233,1.8E-05,0.000119625000000004
19.345,16.100,-0.232,1.9E-05,0.000121470500000004
19.445,16.200,-0.231,1.9E-05,0.000123342500000004
19.545,16.300,-0.23,1.9E-05,0.000125257500000004
19.645,16.400,-0.229,2E-05,0.000127189000000004
19.745,16.500,-0.228,1.9E-05,0.000129136500000004
19.845,16.600,-0.227,1.9E-05,0.000131161500000004
19.945,16.700,-0.226,2.1E-05,0.000133193500000004
20.045,16.800,-0.225,2.2E-05,0.000135267000000004
20.145,16.900,-0.224,2.1E-05,0.000137370500000004
20.245,17.000,-0.223,2.2E-05,0.000139525000000004
20.345,17.100,-0.222,2.2E-05,0.000141694000000004
20.445,17.200,-0.221,2.3E-05,0.000143923500000004
20.545,17.300,-0.22,2.3E-05,0.000146203500000003
20.645,17.400,-0.219,2.2E-05,0.000148503000000003
20.745,17.500,-0.218,2.3E-05,0.000150846500000004
20.845,17.600,-0.217,2.5E-05,0.000153239500000004
20.945,17.700,-0.216,2.5E-05,0.000155667500000004
21.045,17.800,-0.215,2.4E-05,0.000158167000000004
21.145,17.900,-0.214,2.4E-05,0.000160692000000004
21.245,18.000,-0.213,2.5E-05,0.000163233500000004
21.345,18.100,-0.212,2.9E-05,0.000165865500000004
21.445,18.200,-0.211,2.8E-05,0.000168523000000004
21.545,18.300,-0.21,2.7E-05,0.000171212500000005
21.645,18.400,-0.209,2.6E-05,0.000173931000000005
21.745,18.500,-0.208,2.8E-05,0.000176728000000005
21.845,18.600,-0.207,3E-05,0.000179581000000005
21.945,18.700,-0.206,2.9E-05,0.000182441500000004
22.045,18.800,-0.205,2.9E-05,0.000185386500000004
22.145,18.900,-0.204,2.9E-05,0.000188370500000004
22.245,19.000,-0.203,3.2E-05,0.000191435000000004
22.345,19.100,-0.202,3.1E-05,0.000194543500000003
22.445,19.200,-0.201,3.2E-05,0.000197697000000003
22.545,19.300,-0.2,3.3E-05,0.000200908500000003
22.645,19.400,-0.199,3.4E-05,0.000204161000000003
22.745,19.500,-0.198,3.4E-05,0.000207499000000003
22.845,19.600,-0.197,3.4E-05,0.000210908000000003
22.945,19.700,-0.196,3.7E-05,0.000214378500000004
23.045,19.800,-0.195,3.7E-05,0.000217906500000004
23.145,19.900,-0.194,3.6E-05,0.000221501000000004
23.245,20.000,-0.193,3.7E-05,0.000225139500000004
23.345,20.100,-0.192,3.8E-05,0.000228850000000004
23.445,20.200,-0.191,3.8E-05,0.000232623000000004
23.545,20.300,-0.19,3.9E-05,0.000236467500000004
23.645,20.400,-0.189,3.9E-05,0.000240393500000004
23.745,20.500,-0.188,4.1E-05,0.000244357500000004
23.845,20.600,-0.187,4.1E-05,0.000248413500000004
23.945,20.700,-0.186,4.1E-05,0.000252531500000004
24.045,20.800,-0.185,4.2E-05,0.000256718000000004
24.145,20.900,-0.184,4.4E-05,0.000260980000000004
24.245,21.000,-0.183,4.4E-05,0.000265297000000003
24.345,21.100,-0.182,4.5E-05,0.000269713500000003
24.445,21.200,-0.181,4.5E-05,0.000274210500000003
24.545,21.300,-0.18,4.7E-05,0.000278799500000003
24.645,21.400,-0.179,4.6E-05,0.000283445000000003
24.745,21.500,-0.178,4.8E-05,0.000288140000000003
24.845,21.600,-0.177,4.9E-05,0.000292940500000003
24.945,21.700,-0.176,4.8E-05,0.000297817000000003
25.045,21.800,-0.175,5E-05,0.000302771000000004
25.145,21.900,-0.174,5.1E-05,0.000307813500000003
25.245,22.000,-0.173,5E-05,0.000312950000000003
25.345,22.100,-0.172,5.2E-05,0.000318212000000003
25.445,22.200,-0.171,5.3E-05,0.000323508500000003
25.545,22.300,-0.17,5.4E-05,0.000328901000000004
25.645,22.400,-0.169,5.6E-05,0.000334398000000004
25.745,22.500,-0.168,5.6E-05,0.000339991000000004
25.845,22.600,-0.167,5.7E-05,0.000345656500000004
25.945,22.700,-0.166,5.9E-05,0.000351454500000004
26.045,22.800,-0.165,5.8E-05,0.000357337000000003
26.145,22.900,-0.164,6E-05,0.000363301000000002
26.245,23.000,-0.163,6.1E-05,0.000369364500000003
26.345,23.100,-0.162,6.2E-05,0.000375511000000003
26.445,23.200,-0.161,6.3E-05,0.000381782500000002
26.545,23.300,-0.16,6.4E-05,0.000388182000000003
26.645,23.400,-0.159,6.5E-05,0.000394645500000003
26.745,23.500,-0.158,6.5E-05,0.000401218500000003
26.845,23.600,-0.157,6.6E-05,0.000407893000000002
26.945,23.700,-0.156,6.9E-05,0.000414703500000003
27.045,23.800,-0.155,6.9E-05,0.000421620500000003
27.145,23.900,-0.154,7.1E-05,0.000428615500000003
27.245,24.000,-0.153,7.1E-05,0.000435755500000003
27.345,24.100,-0.152,7.3E-05,0.000442994500000003
27.445,24.200,-0.151,7.6E-05,0.000450349000000003
27.545,24.300,-0.15,7.2E-05,0.000457785000000002
27.645,24.400,-0.149,7.7E-05,0.000465364500000002
27.745,24.500,-0.148,7.8E-05,0.000473075000000002
27.845,24.600,-0.147,7.9E-05,0.000480938500000002
27.945,24.700,-0.146,7.9E-05,0.000488883500000003
28.045,24.800,-0.145,8.2E-05,0.000496970000000002
28.145,24.900,-0.144,8.3E-05,0.000505149500000001
28.245,25.000,-0.143,8.4E-05,0.000513482000000001
28.345,25.100,-0.142,8.5E-05,0.000521912500000003
28.445,25.200,-0.141,8.5E-05,0.000530456500000003
28.545,25.300,-0.14,8.8E-05,0.000539112000000001
28.645,25.400,-0.139,8.8E-05,0.00054791
28.745,25.500,-0.138,9E-05,0.000556827
28.845,25.600,-0.137,9.1E-05,0.0005658585
28.945,25.700,-0.136,9.2E-05,0.000575006000000002
29.045,25.800,-0.135,9.4E-05,0.000584287000000002
29.145,25.900,-0.134,9.4E-05,0.000593705
29.245,26.000,-0.133,9.5E-05,0.0006032545
29.345,26.100,-0.132,9.6E-05,0.000612891
29.445,26.200,-0.131,9.9E-05,0.0006226825
29.545,26.300,-0.13,0.0001,0.000632624
29.645,26.400,-0.129,0.000102,0.000642696999999999
29.745,26.500,-0.128,0.000103,0.000652901499999997
29.845,26.600,-0.127,0.000103,0.000663212499999997
29.945,26.700,-0.126,0.000104,0.000673639999999997
30.045,26.800,-0.125,0.000108,0.000684201999999997
30.145,26.900,-0.124,0.000107,0.000694935499999998
30.245,27.000,-0.123,0.000108,0.000705792999999999
30.345,27.100,-0.122,0.000112,0.000716818999999998
30.445,27.200,-0.121,0.000112,0.000727989999999997
30.545,27.300,-0.12,0.000114,0.000739272999999997
30.645,27.400,-0.119,0.000115,0.000750705499999998
30.745,27.500,-0.118,0.000116,0.000762271999999998
30.845,27.600,-0.117,0.000117,0.000773969499999996
30.945,27.700,-0.116,0.00012,0.000785839999999995
31.045,27.800,-0.115,0.000121,0.000797891499999995
31.145,27.900,-0.114,0.000122,0.000810038999999996
31.245,28.000,-0.113,0.000124,0.000822321999999997
31.345,28.100,-0.112,0.000126,0.000834769999999996
31.445,28.200,-0.111,0.000126,0.000847370999999996
31.545,28.300,-0.11,0.000129,0.000860054499999996
31.645,28.400,-0.109,0.00013,0.000872960999999996
31.745,28.500,-0.108,0.000131,0.000885991499999996
31.845,28.600,-0.107,0.000133,0.000899209499999995
31.945,28.700,-0.106,0.000134,0.000912574999999995
32.045,28.800,-0.105,0.000136,0.000926083999999994
32.145,28.900,-0.104,0.000138,0.000939749999999995
32.245,29.000,-0.103,0.000138,0.000953549999999996
32.345,29.100,-0.102,0.000141,0.000967519499999995
32.445,29.200,-0.101,0.000141,0.000981606499999994
32.545,29.300,-0.1,0.000144,0.000995897999999993
32.645,29.400,-0.099,0.000145,0.00101032149999999
32.745,29.500,-0.098,0.000146,0.00102491999999999
32.845,29.600,-0.097,0.000147,0.00103965749999999
32.945,29.700,-0.096,0.000151,0.00105459449999999
33.045,29.800,-0.095,0.000153,0.00106970249999999
33.145,29.900,-0.094,0.000154,0.00108494599999999
33.245,30.000,-0.093,0.000155,0.00110038249999999
33.345,30.100,-0.092,0.000156,0.001115959
33.445,30.200,-0.091,0.000159,0.0011317315
33.545,30.300,-0.09,0.000161,0.00114768449999999
33.645,30.400,-0.089,0.000163,0.0011638035
33.745,30.500,-0.088,0.000163,0.0011800685
33.845,30.600,-0.087,0.000166,0.00119650699999999
33.945,30.700,-0.086,0.000168,0.00121312399999999
34.045,30.800,-0.085,0.000169,0.00122990449999999
34.145,30.900,-0.084,0.000171,0.0012468995
34.245,31.000,-0.083,0.000172,0.00126404499999999
34.345,31.100,-0.082,0.000173,0.00128131849999999
34.445,31.200,-0.081,0.000175,0.00129879549999999
34.545,31.300,-0.08,0.000177,0.00131644549999999
34.645,31.400,-0.079,0.000179,0.00133424749999999
34.745,31.500,-0.078,0.000181,0.00135225749999999
34.845,31.600,-0.077,0.000183,0.00137044849999999
34.945,31.700,-0.076,0.000185,0.00138880749999999
35.045,31.800,-0.075,0.000186,0.00140738099999999
35.145,31.900,-0.074,0.000189,0.00142615349999999
35.245,32.000,-0.073,0.00019,0.00144510399999999
35.345,32.100,-0.072,0.000194,0.001464242
35.445,32.200,-0.071,0.000194,0.00148357599999999
35.545,32.300,-0.07,0.000196,0.00150310699999999
35.645,32.400,-0.069,0.000198,0.00152282199999999
35.745,32.500,-0.068,0.0002,0.00154277199999999
35.845,32.600,-0.067,0.000201,0.00156286149999999
35.945,32.700,-0.066,0.000204,0.00158318899999999
36.045,32.800,-0.065,0.000205,0.00160364449999999
36.145,32.900,-0.064,0.000208,0.00162431099999999
36.245,33.000,-0.063,0.00021,0.00164514399999999
36.345,33.100,-0.062,0.000211,0.00166617849999999
36.445,33.200,-0.061,0.000213,0.00168738049999998
36.545,33.300,-0.06,0.000215,0.00170875549999998
36.645,33.400,-0.059,0.000217,0.00173037449999999
36.745,33.500,-0.058,0.000218,0.00175213499999998
36.845,33.600,-0.057,0.00022,0.00177408299999998
36.945,33.700,-0.056,0.000223,0.00179626149999998
37.045,33.800,-0.055,0.000224,0.00181863399999998
37.145,33.900,-0.054,0.000226,0.00184117299999998
37.245,34.000,-0.053,0.000229,0.00186395149999998
37.345,34.100,-0.052,0.00023,0.00188690599999998
37.445,34.200,-0.051,0.000233,0.00191007549999998
37.545,34.300,-0.05,0.000235,0.00193343749999998
37.645,34.400,-0.049,0.000237,0.00195695749999998
37.745,34.500,-0.048,0.000238,0.00198070499999998
37.845,34.600,-0.047,0.00024,0.00200459599999998
37.945,34.700,-0.046,0.000242,0.00202871099999997
38.045,34.800,-0.045,0.000244,0.00205298799999997
38.145,34.900,-0.044,0.000247,0.00207748449999997
38.245,35.000,-0.043,0.000249,0.00210224949999997
38.345,35.100,-0.042,0.00025,0.00212718499999997
38.445,35.200,-0.041,0.000252,0.00215229399999996
38.545,35.300,-0.04,0.000254,0.00217760699999997
38.645,35.400,-0.039,0.000257,0.00220314349999997
38.745,35.500,-0.038,0.00026,0.00222886499999997
38.845,35.600,-0.037,0.00026,0.00225482599999997
38.945,35.700,-0.036,0.000262,0.00228096399999997
39.045,35.800,-0.035,0.000264,0.00230727799999997
39.145,35.900,-0.034,0.000267,0.00233383549999997
39.245,36.000,-0.033,0.000269,0.00236057149999997
39.345,36.100,-0.032,0.00027,0.00238751399999997
39.445,36.200,-0.031,0.000272,0.00241468899999997
39.545,36.300,-0.03,0.000274,0.00244203799999997
39.645,36.400,-0.029,0.000277,0.00246956849999997
39.745,36.500,-0.028,0.000279,0.00249736549999997
39.845,36.600,-0.027,0.00028,0.00252538599999997
39.945,36.700,-0.026,0.000282,0.00255356499999997
40.045,36.800,-0.025,0.000287,0.00258190849999998
40.145,36.900,-0.024,0.000287,0.00261056449999998
40.245,37.000,-0.023,0.00029,0.00263942399999997
40.345,37.100,-0.022,0.000292,0.00266845999999997
40.445,37.200,-0.021,0.000294,0.00269770099999997
40.545,37.300,-0.02,0.000295,0.00272719449999997
40.645,37.400,-0.019,0.000298,0.00275692099999997
40.745,37.500,-0.018,0.000301,0.00278684249999997
40.845,37.600,-0.017,0.000304,0.00281696399999997
40.945,37.700,-0.016,0.000305,0.00284731449999996
41.045,37.800,-0.015,0.000306,0.00287784299999997
41.145,37.900,-0.014,0.000309,0.00290858549999997
41.245,38.000,-0.013,0.000313,0.00293955949999997
41.345,38.100,-0.012,0.000314,0.00297077299999997
41.445,38.200,-0.011,0.000315,0.00300220149999997
41.545,38.300,-0.01,0.000317,0.00303386849999997
41.645,38.400,-0.009,0.000321,0.00306572449999997
41.745,38.500,-0.008,0.000321,0.00309777849999997
41.845,38.600,-0.007,0.000324,0.00313005299999996
41.945,38.700,-0.006,0.000328,0.00316255299999996
42.045,38.800,-0.005,0.000328,0.00319531299999996
42.145,38.900,-0.004,0.000331,0.00322827649999997
42.245,39.000,-0.003,0.000332,0.00326146799999997
42.345,39.100,-0.002,0.000335,0.00329488449999997
42.445,39.200,-0.001,0.000337,0.00332853049999997
42.545,39.300,0,0.000341,0.00336237849999997
42.645,39.400,0.001,0.000343,0.00339649949999997
42.745,39.500,0.002,0.000343,0.00343076449999997
42.845,39.600,0.003,0.000346,0.00346525299999997
42.945,39.700,0.004,0.000349,0.00349996849999996
43.045,39.800,0.005,0.000352,0.00353490599999996
43.145,39.900,0.006,0.000353,0.00357013149999996
43.245,40.000,0.007,0.000355,0.00360555249999997
43.345,40.100,0.008,0.000358,0.00364116999999997
43.445,40.200,0.009,0.00036,0.00367704299999997
43.545,40.300,0.01,0.000362,0.00371310699999997
43.645,40.400,0.011,0.000363,0.00374937449999997
43.745,40.500,0.012,0.000367,0.00378588449999997
43.845,40.600,0.013,0.000369,0.00382266449999997
43.945,40.700,0.014,0.00037,0.00385967999999996
44.045,40.800,0.015,0.000374,0.00389693899999997
44.145,40.900,0.016,0.000377,0.00393442249999997
44.245,41.000,0.017,0.000379,0.00397208649999997
44.345,41.100,0.018,0.000381,0.00401005149999997
44.445,41.200,0.019,0.000382,0.00404820999999997
44.545,41.300,0.02,0.000386,0.00408658299999997
44.645,41.400,0.021,0.000387,0.00412520149999997
44.745,41.500,0.022,0.00039,0.00416405699999997
44.845,41.600,0.023,0.000393,0.00420312349999997
44.945,41.700,0.024,0.000394,0.00424245199999997
45.045,41.800,0.025,0.000396,0.00428197999999997
45.145,41.900,0.026,0.000399,0.00432170649999996
45.245,42.000,0.027,0.000402,0.00436172099999996
45.345,42.100,0.028,0.000403,0.00440191449999996
45.445,42.200,0.029,0.000406,0.00444233999999995
45.545,42.300,0.03,0.000408,0.00448295799999995
45.645,42.400,0.031,0.00041,0.00452385099999994
45.745,42.500,0.032,0.000412,0.00456498599999994
45.845,42.600,0.033,0.000416,0.00460630899999995
45.945,42.700,0.034,0.000417,0.00464789349999994
46.045,42.800,0.035,0.00042,0.00468974599999995
46.145,42.900,0.036,0.000422,0.00473178699999995
46.245,43.000,0.037,0.000424,0.00477405299999995
46.345,43.100,0.038,0.000425,0.00481653249999996
46.445,43.200,0.039,0.000429,0.00485921949999995
46.545,43.300,0.04,0.000429,0.00490216949999995
46.645,43.400,0.041,0.000433,0.00494534449999995
46.745,43.500,0.042,0.000434,0.00498879199999995
46.845,43.600,0.043,0.000437,0.00503243849999996
46.945,43.700,0.044,0.000439,0.00507631549999995
47.045,43.800,0.045,0.000442,0.00512038099999995
47.145,43.900,0.046,0.000444,0.00516469499999995
47.245,44.000,0.047,0.000446,0.00520926199999994
47.345,44.100,0.048,0.00045,0.00525403099999994
47.445,44.200,0.049,0.00045,0.00529905099999994
47.545,44.300,0.05,0.000454,0.00534426799999994
47.645,44.400,0.051,0.000456,0.00538975299999994
47.745,44.500,0.052,0.000459,0.00543547949999993
47.845,44.600,0.053,0.000461,0.00548144949999993
47.945,44.700,0.054,0.000463,0.00552764149999994
48.045,44.800,0.055,0.000465,0.00557408449999994
48.145,44.900,0.056,0.000469,0.00562074449999995
48.245,45.000,0.057,0.000469,0.00566763949999994
48.345,45.100,0.058,0.000472,0.00571474499999994
48.445,45.200,0.059,0.000475,0.00576209949999994
48.545,45.300,0.06,0.000477,0.00580963649999994
48.645,45.400,0.061,0.000478,0.00585740599999994
48.745,45.500,0.062,0.000481,0.00590539749999994
48.845,45.600,0.063,0.000483,0.00595362349999995
48.945,45.700,0.064,0.000486,0.00600212399999995
49.045,45.800,0.065,0.000488,0.00605075999999995
49.145,45.900,0.066,0.000491,0.00609965249999994
49.245,46.000,0.067,0.000492,0.00614873599999995
49.345,46.100,0.068,0.000494,0.00619806299999995
49.445,46.200,0.069,0.000497,0.00624756249999995
49.545,46.300,0.07,0.000496,0.00629729099999994
49.645,46.400,0.071,0.000501,0.00634720149999994
49.745,46.500,0.072,0.000504,0.00639734599999994
49.845,46.600,0.073,0.000504,0.00644773699999993
49.945,46.700,0.074,0.000508,0.00649836099999994
50.045,46.800,0.075,0.000509,0.00654914549999994
50.145,46.900,0.076,0.000512,0.00660023099999994
50.245,47.000,0.077,0.000514,0.00665152299999995
50.345,47.100,0.078,0.000516,0.00670303199999996
50.445,47.200,0.079,0.000518,0.00675471499999996
50.545,47.300,0.08,0.000521,0.00680665149999996
50.645,47.400,0.081,0.000524,0.00685883899999996
50.745,47.500,0.082,0.000525,0.00691121549999996
50.845,47.600,0.083,0.000528,0.00696383599999996
50.945,47.700,0.084,0.000529,0.00701667949999996
51.045,47.800,0.085,0.000533,0.00706975349999996
51.145,47.900,0.086,0.000534,0.00712308199999997
51.245,48.000,0.087,0.000537,0.00717663149999997
51.345,48.100,0.088,0.000538,0.00723041699999996
51.445,48.200,0.089,0.000541,0.00728442649999997
51.545,48.300,0.09,0.000544,0.00733867999999997
51.645,48.400,0.091,0.000545,0.00739319149999997
51.745,48.500,0.092,0.000547,0.00744786749999996
51.845,48.600,0.093,0.000552,0.00750273099999995
51.945,48.700,0.094,0.000553,0.00755790949999995
52.045,48.800,0.095,0.000555,0.00761327949999994
52.145,48.900,0.096,0.000557,0.00766885949999994
52.245,49.000,0.097,0.000559,0.00772470149999994
52.345,49.100,0.098,0.000562,0.00778075299999995
52.445,49.200,0.099,0.000563,0.00783710749999994
52.545,49.300,0.1,0.000567,0.00789364949999995
52.645,49.400,0.101,0.000568,0.00795046799999995
52.745,49.500,0.102,0.00057,0.00800750899999995
52.845,49.600,0.103,0.000573,0.00806477049999993
52.945,49.700,0.104,0.000575,0.00812234149999994
53.045,49.800,0.105,0.00058,0.00818016399999994
53.145,49.900,0.106,0.000581,0.00823821749999996
53.245,50.000,0.107,0.000583,0.00829648349999997
53.345,50.100,0.108,0.000587,0.00835499049999995
53.445,50.200,0.109,0.000588,0.00841373299999995
53.545,50.300,0.11,0.000591,0.00847272249999995
53.645,50.400,0.111,0.000593,0.00853194349999995
53.745,50.500,0.112,0.000595,0.00859140149999995
53.845,50.600,0.113,0.000598,0.00865106899999994
53.945,50.700,0.114,0.000599,0.00871095649999994
54.045,50.800,0.115,0.000602,0.00877105999999995
54.145,50.900,0.116,0.000605,0.00883140849999992
54.245,51.000,0.117,0.000607,0.00889202949999993
54.345,51.100,0.118,0.000609,0.00895292749999991
54.445,51.200,0.119,0.000613,0.00901404249999993
54.545,51.300,0.12,0.000615,0.00907536849999992
54.645,51.400,0.121,0.000617,0.00913695349999992
54.745,51.500,0.122,0.000619,0.00919870649999992
54.845,51.600,0.123,0.000622,0.00926072299999991
54.945,51.700,0.124,0.000623,0.00932295349999991
55.045,51.800,0.125,0.000626,0.00938544399999991
55.145,51.900,0.126,0.000628,0.00944814599999991
55.245,52.000,0.127,0.000629,0.00951106449999992
55.345,52.100,0.128,0.000631,0.00957422649999993
55.445,52.200,0.129,0.000634,0.00963759699999994
55.545,52.300,0.13,0.000638,0.00970121799999994
55.645,52.400,0.131,0.000638,0.00976505399999994
55.745,52.500,0.132,0.000641,0.00982913649999995
55.845,52.600,0.133,0.000643,0.00989341149999995
55.945,52.700,0.134,0.000647,0.00995789749999996
56.045,52.800,0.135,0.000648,0.0100226279999999
56.145,52.900,0.136,0.000651,0.0100875904999999
56.245,53.000,0.137,0.000653,0.0101528024999999
56.345,53.100,0.138,0.000654,0.010218201
56.445,53.200,0.139,0.000657,0.0102838825
56.545,53.300,0.14,0.000661,0.0103497905
56.645,53.400,0.141,0.000661,0.0104159125
56.745,53.500,0.142,0.000664,0.010482247
56.845,53.600,0.143,0.000668,0.010548786
56.945,53.700,0.144,0.000668,0.01061562
57.045,53.800,0.145,0.000672,0.010682659
57.145,53.900,0.146,0.000675,0.0107499565
57.245,54.000,0.147,0.000676,0.010817452
57.345,54.100,0.148,0.000678,0.010885187
57.445,54.200,0.149,0.000681,0.0109531785
57.545,54.300,0.15,0.000684,0.011021398
57.645,54.400,0.151,0.000688,0.011089913
57.745,54.500,0.152,0.000687,0.0111586285
57.845,54.600,0.153,0.00069,0.011227541
57.945,54.700,0.154,0.000694,0.011296771
58.045,54.800,0.155,0.000695,0.0113661685
58.145,54.900,0.156,0.000696,0.011435797
58.245,55.000,0.157,0.000701,0.0115056915
58.345,55.100,0.158,0.000702,0.011575825
58.445,55.200,0.159,0.000704,0.011646126
58.545,55.300,0.16,0.000706,0.011716664
58.645,55.400,0.161,0.000709,0.0117875095
58.745,55.500,0.162,0.000711,0.0118585525
58.845,55.600,0.163,0.000714,0.011929871
58.945,55.700,0.164,0.000716,0.012001345
59.045,55.800,0.165,0.000719,0.0120730315
59.145,55.900,0.166,0.000721,0.0121450005
59.245,56.000,0.167,0.000724,0.0122172
59.345,56.100,0.168,0.000726,0.012289618
59.445,56.200,0.169,0.000728,0.012362295
59.545,56.300,0.17,0.000731,0.0124352185
59.645,56.400,0.171,0.000732,0.012508392
59.745,56.500,0.172,0.000734,0.012581738
59.845,56.600,0.173,0.000736,0.012655328
59.945,56.700,0.174,0.000739,0.0127290965
60.045,56.800,0.175,0.000741,0.0128031625
60.145,56.900,0.176,0.000744,0.01287743
60.245,57.000,0.177,0.000746,0.012951913
60.345,57.100,0.178,0.000748,0.013026613
60.445,57.200,0.179,0.000748,0.013101556
60.545,57.300,0.18,0.000753,0.0131767775
60.645,57.400,0.181,0.000754,0.013252204
60.745,57.500,0.182,0.000758,0.013327847
60.845,57.600,0.183,0.000758,0.013403723
60.945,57.700,0.184,0.000762,0.0134798629999999
61.045,57.800,0.185,0.000763,0.0135562674999999
61.145,57.900,0.186,0.000767,0.0136329034999999
61.245,58.000,0.187,0.000769,0.0137098064999999
61.345,58.100,0.188,0.000771,0.0137869154999999
61.445,58.200,0.189,0.000774,0.0138643019999999
61.545,58.300,0.19,0.000777,0.0139419024999999
61.645,58.400,0.191,0.000778,0.0140196969999999
61.745,58.500,0.192,0.000782,0.0140977109999999
61.845,58.600,0.193,0.000784,0.0141759759999999
61.945,58.700,0.194,0.000788,0.0142544839999999
62.045,58.800,0.195,0.000789,0.0143332024999999
62.145,58.900,0.196,0.000791,0.0144121755
62.245,59.000,0.197,0.000793,0.0144913124999999
62.345,59.100,0.198,0.000795,0.0145707274999999
62.445,59.200,0.199,0.000798,0.0146503649999999
62.545,59.300,0.2,0.0008,0.0147302229999999
62.645,59.400,0.201,0.000802,0.0148103749999999
62.745,59.500,0.202,0.000804,0.0148907089999999
62.845,59.600,0.203,0.000806,0.0149712889999999
62.945,59.700,0.204,0.000809,0.0150521034999999
63.045,59.800,0.205,0.000811,0.0151331044999999
63.145,59.900,0.206,0.000813,0.0152143395
63.245,60.000,0.207,0.000816,0.015295824
63.345,60.100,0.208,0.000816,0.0153775069999999
63.445,60.200,0.209,0.000821,0.0154594244999999
63.545,60.300,0.21,0.000823,0.0155415814999999
63.645,60.400,0.211,0.000824,0.015623944
63.745,60.500,0.212,0.000827,0.0157065255
63.845,60.600,0.213,0.00083,0.015789361
63.945,60.700,0.214,0.00083,0.01587242
64.045,60.800,0.215,0.000834,0.015955675
64.145,60.900,0.216,0.000837,0.0160392095
64.245,61.000,0.217,0.000837,0.0161229424999999
64.345,61.100,0.218,0.000839,0.0162068625
64.445,61.200,0.219,0.000843,0.0162910315
64.545,61.300,0.22,0.000846,0.0163754339999999
64.645,61.400,0.221,0.000846,0.016460086
64.745,61.500,0.222,0.00085,0.016544916
64.845,61.600,0.223,0.00085,0.016630016
64.945,61.700,0.224,0.000854,0.016715324
65.045,61.800,0.225,0.000856,0.016800821
65.145,61.900,0.226,0.000859,0.0168865145
65.245,62.000,0.227,0.000861,0.0169725375
65.345,62.100,0.228,0.000862,0.017058722
65.445,62.200,0.229,0.000866,0.0171451109999999
65.545,62.300,0.23,0.000865,0.0172316775
65.645,62.400,0.231,0.00087,0.0173185819999999
65.745,62.500,0.232,0.00087,0.0174056069999999
65.845,62.600,0.233,0.000873,0.0174927934999999
65.945,62.700,0.234,0.000877,0.0175802664999999
66.045,62.800,0.235,0.000877,0.0176679714999998
66.145,62.900,0.236,0.000878,0.0177558909999999
66.245,63.000,0.237,0.000882,0.0178439879999999
66.345,63.100,0.238,0.000883,0.0179323134999999
66.445,63.200,0.239,0.000886,0.0180208439999999
66.545,63.300,0.24,0.000887,0.0181095285
66.645,63.400,0.241,0.000891,0.0181984274999999
66.745,63.500,0.242,0.000892,0.018287568
66.845,63.600,0.243,0.000894,0.018376944
66.945,63.700,0.244,0.000897,0.0184665264999999
67.045,63.800,0.245,0.0009,0.0185563419999999
67.145,63.900,0.246,0.0009,0.01864632
67.245,64.000,0.247,0.000903,0.0187365314999999
67.345,64.100,0.248,0.000904,0.0188269319999999
67.445,64.200,0.249,0.000907,0.0189175765
67.545,64.300,0.25,0.000909,0.0190083675
67.645,64.400,0.251,0.000911,0.0190994034999999
67.745,64.500,0.252,0.000913,0.0191905885
67.845,64.600,0.253,0.000915,0.0192820015
67.945,64.700,0.254,0.000918,0.0193736489999999
68.045,64.800,0.255,0.000919,0.0194655155
68.145,64.900,0.256,0.000922,0.019557602
68.245,65.000,0.257,0.000922,0.0196498389999999
68.345,65.100,0.258,0.000924,0.0197423
68.445,65.200,0.259,0.000927,0.0198349805
68.545,65.300,0.26,0.000929,0.0199278525
68.645,65.400,0.261,0.000933,0.0200208785
68.745,65.500,0.262,0.000934,0.020114153
68.845,65.600,0.263,0.000935,0.0202076434999999
68.945,65.700,0.264,0.000938,0.0203013559999999
69.045,65.800,0.265,0.00094,0.020395224
69.145,65.900,0.266,0.000942,0.0204893199999999
69.245,66.000,0.267,0.000944,0.0205836039999999
69.345,66.100,0.268,0.000945,0.0206780775
69.445,66.200,0.269,0.000948,0.020772794
69.545,66.300,0.27,0.000954,0.0208677059999999
69.645,66.400,0.271,0.000952,0.020962884
69.745,66.500,0.272,0.000955,0.0210582155
69.845,66.600,0.273,0.000956,0.021153755
69.945,66.700,0.274,0.000961,0.0212495785000001
70.045,66.800,0.275,0.00096,0.0213455420000001
70.145,66.900,0.276,0.000964,0.021441769
70.245,67.000,0.277,0.000962,0.0215381260000001
70.345,67.100,0.278,0.000966,0.0216346890000001
70.445,67.200,0.279,0.000967,0.0217314635000001
70.545,67.300,0.28,0.000972,0.021828455
70.645,67.400,0.281,0.000974,0.0219256520000001
70.745,67.500,0.282,0.000974,0.0220230350000001
70.845,67.600,0.283,0.000977,0.0221205535
70.945,67.700,0.284,0.000978,0.022218346
71.045,67.800,0.285,0.000981,0.0223162125000001
71.145,67.900,0.286,0.000982,0.022414355
71.245,68.000,0.287,0.000982,0.022512668
71.345,68.100,0.288,0.000987,0.0226111935
71.445,68.200,0.289,0.000988,0.022709917
71.545,68.300,0.29,0.00099,0.022808803
71.645,68.400,0.291,0.000992,0.0229079200000001
71.745,68.500,0.292,0.000993,0.0230071995000001
71.845,68.600,0.293,0.000995,0.0231066685
71.945,68.700,0.294,0.000997,0.0232063105
72.045,68.800,0.295,0.000999,0.0233061765
72.145,68.900,0.296,0.001001,0.0234062175
72.245,69.000,0.297,0.001005,0.0235064404999999
72.345,69.100,0.298,0.001004,0.023606833
72.445,69.200,0.299,0.001007,0.0237074025
72.545,69.300,0.3,0.00101,0.023808163
72.645,69.400,0.301,0.00101,0.0239091339999999
72.745,69.500,0.302,0.001013,0.0240102315
72.845,69.600,0.303,0.001015,0.0241115675
72.945,69.700,0.304,0.001016,0.024213137
73.045,69.800,0.305,0.001018,0.024314792
73.145,69.900,0.306,0.00102,0.0244167020000001
73.245,70.000,0.307,0.00102,0.024518714
73.345,70.100,0.308,0.001023,0.0246209005
73.445,70.200,0.309,0.001027,0.0247233205
73.545,70.300,0.31,0.001027,0.0248259125
73.645,70.400,0.311,0.001029,0.0249287105
73.745,70.500,0.312,0.001028,0.025031659
73.845,70.600,0.313,0.001031,0.0251347255
73.945,70.700,0.314,0.001034,0.02523804
74.045,70.800,0.315,0.001036,0.0253414869999999
74.145,70.900,0.316,0.001037,0.0254451165
74.245,71.000,0.317,0.001039,0.0255489515
74.345,71.100,0.318,0.00104,0.025652937
74.445,71.200,0.319,0.001042,0.025757044
74.545,71.300,0.32,0.001044,0.025861372
74.645,71.400,0.321,0.001045,0.0259657945000001
74.745,71.500,0.322,0.001047,0.0260704245000001
74.845,71.600,0.323,0.00105,0.026175204
74.945,71.700,0.324,0.00105,0.026280178
75.045,71.800,0.325,0.001054,0.026385301
75.145,71.900,0.326,0.001054,0.026490604
75.245,72.000,0.327,0.001055,0.0265960965
75.345,72.100,0.328,0.001056,0.026701674
75.445,72.200,0.329,0.001058,0.0268074500000001
75.545,72.300,0.33,0.00106,0.026913438
75.645,72.400,0.331,0.001064,0.027019609
75.745,72.500,0.332,0.001063,0.0271259315
75.845,72.600,0.333,0.001065,0.0272323805000001
75.945,72.700,0.334,0.001066,0.0273389470000001
76.045,72.800,0.335,0.001068,0.027445728
76.145,72.900,0.336,0.00107,0.027552744
76.245,73.000,0.337,0.001073,0.0276598565
76.345,73.100,0.338,0.001072,0.027767103
76.445,73.200,0.339,0.001076,0.0278745740000001
76.545,73.300,0.34,0.001075,0.0279822115000001
76.645,73.400,0.341,0.001079,0.0280899855000001
76.745,73.500,0.342,0.00108,0.0281978850000001
76.845,73.600,0.343,0.001082,0.028305993
76.945,73.700,0.344,0.001084,0.0284142720000001
77.045,73.800,0.345,0.001083,0.0285226845000001
77.145,73.900,0.346,0.001086,0.0286312460000001
77.245,74.000,0.347,0.001087,0.0287399135000001
77.345,74.100,0.348,0.001089,0.0288487695000001
77.445,74.200,0.349,0.001092,0.0289577960000001
77.545,74.300,0.35,0.001094,0.0290669440000001
77.645,74.400,0.351,0.001092,0.029176247
77.745,74.500,0.352,0.001096,0.029285665
77.845,74.600,0.353,0.001097,0.0293953095
77.945,74.700,0.354,0.001098,0.029505073
78.045,74.800,0.355,0.0011,0.029615006
78.145,74.900,0.356,0.001101,0.0297250725
78.245,75.000,0.357,0.001103,0.0298352105000001
78.345,75.100,0.358,0.001104,0.0299455980000001
78.445,75.200,0.359,0.001105,0.0300560515
78.545,75.300,0.36,0.001105,0.0301666425
78.645,75.400,0.361,0.001109,0.0302774435
78.745,75.500,0.362,0.001109,0.0303883845
78.845,75.600,0.363,0.00111,0.030499519
78.945,75.700,0.364,0.001112,0.030610708
79.045,75.800,0.365,0.001115,0.0307220995
79.145,75.900,0.366,0.001118,0.030833681
79.245,76.000,0.367,0.001119,0.0309454495
79.345,76.100,0.368,0.00112,0.031057461
79.445,76.200,0.369,0.001122,0.0311695
79.545,76.300,0.37,0.001122,0.031281745
79.645,76.400,0.371,0.001123,0.0313940745000001
79.745,76.500,0.372,0.001126,0.0315065070000001
79.845,76.600,0.373,0.001127,0.0316191325
79.945,76.700,0.374,0.00113,0.0317319269999999
80.045,76.800,0.375,0.001131,0.0318448264999997
80.145,76.900,0.376,0.001132,0.0319578129999995
80.245,77.000,0.377,0.001131,0.0320709334999996
80.345,77.100,0.378,0.001135,0.0321842604999997
80.445,77.200,0.379,0.001135,0.0322977444999998
80.545,77.300,0.38,0.001138,0.0324113729999999
80.645,77.400,0.381,0.001138,0.0325251239999999
80.745,77.500,0.382,0.00114,0.0326390409999998
80.845,77.600,0.383,0.001142,0.0327530619999997
80.945,77.700,0.384,0.001143,0.0328672764999996
81.045,77.800,0.385,0.001144,0.0329816649999996
81.145,77.900,0.386,0.001148,0.0330962579999997
81.245,78.000,0.387,0.001146,0.0332109149999998
81.345,78.100,0.388,0.001147,0.0333257244999998
81.445,78.200,0.389,0.001152,0.0334406989999999
81.545,78.300,0.39,0.001153,0.0335557884999999
81.645,78.400,0.391,0.001153,0.0336710454999998
81.745,78.500,0.392,0.001155,0.0337864274999997
81.845,78.600,0.393,0.001155,0.0339019264999996
81.945,78.700,0.394,0.001157,0.0340175584999995
82.045,78.800,0.395,0.001159,0.0341332834999995
82.145,78.900,0.396,0.001159,0.0342491764999996
82.245,79.000,0.397,0.001161,0.0343651734999996
82.345,79.100,0.398,0.001161,0.0344813064999996
82.445,79.200,0.399,0.001163,0.0345975114999997
82.545,79.300,0.4,0.001166,0.0347139689999997
82.645,79.400,0.401,0.001166,0.0348305279999996
82.745,79.500,0.402,0.001168,0.0349471779999995
82.845,79.600,0.403,0.001168,0.0350639579999993
82.945,79.700,0.404,0.00117,0.0351808969999993
83.045,79.800,0.405,0.00117,0.0352979599999994
83.145,79.900,0.406,0.001172,0.0354150969999994
83.245,80.000,0.407,0.001175,0.0355323554999995
83.345,80.100,0.408,0.001174,0.0356497669999995
83.445,80.200,0.409,0.001175,0.0357673104999996
83.545,80.300,0.41,0.001179,0.0358850544999996
83.645,80.400,0.411,0.00118,0.0360029239999995
83.745,80.500,0.412,0.001182,0.0361208589999994
83.845,80.600,0.413,0.001182,0.0362389679999992
83.945,80.700,0.414,0.001182,0.0363571749999992
84.045,80.800,0.415,0.001183,0.0364755134999992
84.145,80.900,0.416,0.001184,0.0365940029999993
84.245,81.000,0.417,0.001188,0.0367125639999994
84.345,81.100,0.418,0.001186,0.0368312139999994
84.445,81.200,0.419,0.001189,0.0369500124999995
84.545,81.300,0.42,0.001189,0.0370689364999995
84.645,81.400,0.421,0.001191,0.0371879964999995
84.745,81.500,0.422,0.001193,0.0373072054999995
84.845,81.600,0.423,0.001194,0.0374265479999993
84.945,81.700,0.424,0.001196,0.0375459699999992
85.045,81.800,0.425,0.001195,0.0376654364999991
85.145,81.900,0.426,0.001197,0.0377851534999992
85.245,82.000,0.427,0.001199,0.0379049784999993
85.345,82.100,0.428,0.001199,0.0380249054999993
85.445,82.200,0.429,0.001201,0.0381449284999993
85.545,82.300,0.43,0.001202,0.0382651039999993
85.645,82.400,0.431,0.001206,0.0383853599999993
85.745,82.500,0.432,0.001204,0.0385058219999993
85.845,82.600,0.433,0.001206,0.0386262929999993
85.945,82.700,0.434,0.001208,0.0387469369999991
86.045,82.800,0.435,0.001208,0.038867672999999
86.145,82.900,0.436,0.001211,0.0389885564999991
86.245,83.000,0.437,0.001212,0.0391096159999992
86.345,83.100,0.438,0.001213,0.0392307804999993
86.445,83.200,0.439,0.001212,0.0393520319999993
86.545,83.300,0.44,0.001215,0.0394734174999993
86.645,83.400,0.441,0.001216,0.0395948989999993
86.745,83.500,0.442,0.001216,0.0397164889999994
86.845,83.600,0.443,0.001218,0.0398382789999994
86.945,83.700,0.444,0.00122,0.0399601179999993
87.045,83.800,0.445,0.001222,0.0400820929999992
87.145,83.900,0.446,0.001223,0.0402041714999991
87.245,84.000,0.447,0.001222,0.0403263819999991
87.345,84.100,0.448,0.001224,0.0404487359999993
87.445,84.200,0.449,0.001223,0.0405711904999993
87.545,84.300,0.45,0.001226,0.0406937399999993
87.645,84.400,0.451,0.001226,0.0408164679999993
87.745,84.500,0.452,0.001231,0.0409392954999993
87.845,84.600,0.453,0.001229,0.0410622184999993
87.945,84.700,0.454,0.001231,0.0411852074999993
88.045,84.800,0.455,0.001231,0.0413083044999993
88.145,84.900,0.456,0.001234,0.0414315159999992
88.245,85.000,0.457,0.001233,0.041554878499999
88.345,85.100,0.458,0.001234,0.041678306999999
88.445,85.200,0.459,0.001236,0.0418019209999991
88.545,85.300,0.46,0.001238,0.0419256219999992
88.645,85.400,0.461,0.001239,0.0420494414999993
88.745,85.500,0.462,0.001238,0.0421733099999993
88.845,85.600,0.463,0.00124,0.0422972919999993
88.945,85.700,0.464,0.001242,0.0424214239999992
89.045,85.800,0.465,0.001243,0.0425456514999992
89.145,85.900,0.466,0.001243,0.0426700204999992
89.245,86.000,0.467,0.001244,0.0427944799999991
89.345,86.100,0.468,0.001247,0.042919044499999
89.445,86.200,0.469,0.001248,0.0430438259999991
89.545,86.300,0.47,0.001249,0.0431686234999992
89.645,86.400,0.471,0.001249,0.0432935334999993
89.745,86.500,0.472,0.001251,0.0434185134999995
89.845,86.600,0.473,0.001251,0.0435436484999995
89.945,86.700,0.474,0.001252,0.0436688639999995
90.045,86.800,0.475,0.001254,0.0437942439999994
90.145,86.900,0.476,0.001256,0.0439197529999994
90.245,87.000,0.477,0.001257,0.0440454024999994
90.345,87.100,0.478,0.001259,0.0441710724999994
90.445,87.200,0.479,0.001261,0.0442969024999993
90.545,87.300,0.48,0.001258,0.0444228049999992
90.645,87.400,0.481,0.00126,0.0445488719999992
90.745,87.500,0.482,0.001261,0.0446749724999993
90.845,87.600,0.483,0.001263,0.0448012434999995
90.945,87.700,0.484,0.001266,0.0449275959999996
91.045,87.800,0.485,0.001266,0.0450541249999996
91.145,87.900,0.486,0.001266,0.0451806939999996
91.245,88.000,0.487,0.001267,0.0453073114999995
91.345,88.100,0.488,0.001269,0.0454340714999994
91.445,88.200,0.489,0.00127,0.0455609929999994
91.545,88.300,0.49,0.00127,0.0456879059999994
91.645,88.400,0.491,0.00127,0.0458150099999993
91.745,88.500,0.492,0.001274,0.0459421549999993
91.845,88.600,0.493,0.001276,0.0460695079999993
91.945,88.700,0.494,0.001274,0.0461969569999994
92.045,88.800,0.495,0.001276,0.0463245289999996
92.145,88.900,0.496,0.001279,0.0464521694999997
92.245,89.000,0.497,0.001279,0.0465799484999997
92.345,89.100,0.498,0.00128,0.0467078429999997
92.445,89.200,0.499,0.001281,0.0468358624999996
92.545,89.300,0.5,0.001281,0.0469639494999996
92.645,89.400,0.501,0.001282,0.0470920929999995
92.745,89.500,0.502,0.001283,0.0472204054999995
92.845,89.600,0.503,0.001283,0.0473488074999995
92.945,89.700,0.504,0.001286,0.0474773099999994
93.045,89.800,0.505,0.001287,0.0476059514999994
93.145,89.900,0.506,0.001287,0.0477346304999994
93.245,90.000,0.507,0.001288,0.0478634309999996
93.345,90.100,0.508,0.001288,0.0479922789999998
93.445,90.200,0.509,0.00129,0.0481212399999999
93.545,90.300,0.51,0.001291,0.0482503624999999
93.645,90.400,0.511,0.001293,0.0483796144999999
93.745,90.500,0.512,0.001294,0.0485089859999998
93.845,90.600,0.513,0.001295,0.0486383764999997
93.945,90.700,0.514,0.001297,0.0487678864999996
94.045,90.800,0.515,0.001298,0.0488975019999995
94.145,90.900,0.516,0.001297,0.0490272304999995
94.245,91.000,0.517,0.001299,0.0491570234999994
94.345,91.100,0.518,0.0013,0.0492869289999993
94.445,91.200,0.519,0.0013,0.0494169639999996
94.545,91.300,0.52,0.001303,0.0495471594999997
94.645,91.400,0.521,0.001303,0.0496774044999998
94.745,91.500,0.522,0.001304,0.0498077609999999
94.845,91.600,0.523,0.001305,0.0499381775
94.945,91.700,0.524,0.001306,0.050068667
95.045,91.800,0.525,0.001306,0.0501993059999999
95.145,91.900,0.526,0.001308,0.0503300899999998
95.245,92.000,0.527,0.001309,0.0504609524999997
95.345,92.100,0.528,0.001308,0.0505918639999996
95.445,92.200,0.529,0.001311,0.0507229134999996
95.545,92.300,0.53,0.001312,0.0508540779999996
95.645,92.400,0.531,0.001315,0.0509853264999996
95.745,92.500,0.532,0.001313,0.0511166804999998
95.845,92.600,0.533,0.001317,0.0512480965
95.945,92.700,0.534,0.001317,0.0513797785000001
96.045,92.800,0.535,0.001316,0.0515114330000002
96.145,92.900,0.536,0.001318,0.0516431810000002
96.245,93.000,0.537,0.00132,0.0517751400000002
96.345,93.100,0.538,0.001322,0.051907176
96.445,93.200,0.539,0.001321,0.0520393134999999
96.545,93.300,0.54,0.001323,0.0521715044999998
96.645,93.400,0.541,0.001325,0.0523037504999996
96.745,93.500,0.542,0.001325,0.0524361764999996
96.845,93.600,0.543,0.001325,0.0525686274999995
96.945,93.700,0.544,0.001327,0.0527011664999994
97.045,93.800,0.545,0.001328,0.0528338489999995
97.145,93.900,0.546,0.001327,0.0529666194999997
97.245,94.000,0.547,0.001329,0.0530995414999998
97.345,94.100,0.548,0.001331,0.0532325644999998
97.445,94.200,0.549,0.001333,0.0533656824999999
97.545,94.300,0.55,0.001333,0.0534989334999998
97.645,94.400,0.551,0.001332,0.0536322599999997
97.745,94.500,0.552,0.001334,0.0537657069999996
97.845,94.600,0.553,0.001336,0.0538991859999994
97.945,94.700,0.554,0.001339,0.0540328414999994
98.045,94.800,0.555,0.001338,0.0541665899999993
98.145,94.900,0.556,0.001339,0.0543004834999993
98.245,95.000,0.557,0.001339,0.0544344154999993
98.345,95.100,0.558,0.00134,0.0545684429999994
98.445,95.200,0.559,0.001341,0.0547026064999995
98.545,95.300,0.56,0.001342,0.0548368329999997
98.645,95.400,0.561,0.001343,0.0549711234999997
98.745,95.500,0.562,0.001345,0.0551055324999998
98.845,95.600,0.563,0.001347,0.0552400964999997
98.945,95.700,0.564,0.001348,0.0553747459999996
99.045,95.800,0.565,0.001348,0.0555095359999994
99.145,95.900,0.566,0.001349,0.0556443784999992
99.245,96.000,0.567,0.00135,0.0557792899999991
99.345,96.100,0.568,0.001349,0.055914292499999
99.445,96.200,0.569,0.001352,0.056049446999999
99.545,96.300,0.57,0.001352,0.0561847239999991
99.645,96.400,0.571,0.001354,0.0563200929999992
99.745,96.500,0.572,0.001355,0.0564555594999994
99.845,96.600,0.573,0.001356,0.0565911309999995
99.945,96.700,0.574,0.001357,0.0567268244999995
100.045,96.800,0.575,0.001359,0.0568626524999995
100.145,96.900,0.576,0.001361,0.0569985224999994
100.245,97.000,0.577,0.001362,0.0571344859999994
100.345,97.100,0.578,0.001362,0.0572705709999992
100.445,97.200,0.579,0.001361,0.057406671499999
100.545,97.300,0.58,0.001363,0.0575429714999989
100.645,97.400,0.581,0.001364,0.0576793409999988
100.745,97.500,0.582,0.001366,0.0578158019999988
100.845,97.600,0.583,0.001367,0.0579523024999988
100.945,97.700,0.584,0.001365,0.058088933499999
101.045,97.800,0.585,0.001369,0.0582256634999992
101.145,97.900,0.586,0.001368,0.0583625329999993
101.245,98.000,0.587,0.001371,0.0584995224999994
101.345,98.100,0.588,0.001372,0.0586364769999994
101.445,98.200,0.589,0.001373,0.0587736654999994
101.545,98.300,0.59,0.001374,0.0589109799999993
101.645,98.400,0.591,0.001373,0.0590483694999991
101.745,98.500,0.592,0.001375,0.0591858284999989
101.845,98.600,0.593,0.001376,0.0593234359999988
101.945,98.700,0.594,0.001377,0.0594611204999987
102.045,98.800,0.595,0.001378,0.0595989449999988
102.145,98.900,0.596,0.001379,0.059736868499999
102.245,99.000,0.597,0.00138,0.0598749179999992
102.345,99.100,0.598,0.001381,0.0600130784999993
102.445,99.200,0.599,0.001384,0.0601512759999994
102.545,99.300,0.6,0.001384,0.0602896119999994
102.645,99.400,0.601,0.001384,0.0604281199999994
102.745,99.500,0.602,0.001386,0.0605666589999993
102.845,99.600,0.603,0.001386,0.0607053639999992
102.945,99.700,0.604,0.001388,0.060844165999999
103.045,99.800,0.605,0.001389,0.0609830034999988
103.145,99.900,0.606,0.001388,0.0611219639999986
103.245,100.000,0.607,0.001391,0.0612610484999986
103.345,100.100,0.608,0.001391,0.0614001794999987
103.445,100.200,0.609,0.001392,0.0615394499999989
103.545,100.300,0.61,0.001394,0.0616787389999991
103.645,100.400,0.611,0.001396,0.0618182359999992
103.745,100.500,0.612,0.001396,0.0619577659999993
103.845,100.600,0.613,0.001398,0.0620974599999993
103.945,100.700,0.614,0.001398,0.0622372329999993
104.045,100.800,0.615,0.0014,0.0623771889999992
104.145,100.900,0.616,0.001401,0.0625171784999991
104.245,101.000,0.617,0.001399,0.0626571684999994
104.345,101.100,0.618,0.001402,0.0627973799999996
104.445,101.200,0.619,0.001402,0.0629377419999997
104.545,101.300,0.62,0.001406,0.0630781369999999
104.645,101.400,0.621,0.001407,0.0632187534999998
104.745,101.500,0.622,0.001408,0.0633594099999998
104.845,101.600,0.623,0.00141,0.0635001809999998
104.945,101.700,0.624,0.001409,0.0636411234999998
105.045,101.800,0.625,0.00141,0.06378215
105.145,101.900,0.626,0.001414,0.0639233320000001
105.245,102.000,0.627,0.001414,0.0640645830000002
105.345,102.100,0.628,0.001415,0.0642059465000003
105.445,102.200,0.629,0.001417,0.0643475055000003
105.545,102.300,0.63,0.001416,0.0644891210000002
105.645,102.400,0.631,0.001418,0.064630904
105.745,102.500,0.632,0.001419,0.0647727444999999
105.845,102.600,0.633,0.001421,0.0649147494999996
105.945,102.700,0.634,0.001423,0.0650569344999992
106.045,102.800,0.635,0.001421,0.065199229499999
106.145,102.900,0.636,0.001426,0.0653415839999987
106.245,103.000,0.637,0.001426,0.0654839959999986
106.345,103.100,0.638,0.001427,0.0656266094999988
106.445,103.200,0.639,0.001428,0.065769367999999
106.545,103.300,0.64,0.001428,0.0659122709999992
106.645,103.400,0.641,0.00143,0.0660553679999993
106.745,103.500,0.642,0.001431,0.0661985734999993
106.845,103.600,0.643,0.001433,0.0663418714999992
106.945,103.700,0.644,0.001435,0.0664852674999992
107.045,103.800,0.645,0.001436,0.0666288019999991
107.145,103.900,0.646,0.001439,0.0667724934999991
107.245,104.000,0.647,0.001441,0.0669163634999993
107.345,104.100,0.648,0.00144,0.0670603209999994
107.445,104.200,0.649,0.00144,0.0672044199999994
107.545,104.300,0.65,0.001443,0.0673486514999993
107.645,104.400,0.651,0.001444,0.0674930559999992
107.745,104.500,0.652,0.001446,0.067637615999999
107.845,104.600,0.653,0.001448,0.0677823759999986
107.945,104.700,0.654,0.001448,0.0679272249999983
108.045,104.800,0.655,0.001451,0.0680722034999982
108.145,104.900,0.656,0.001452,0.0682173699999984
108.245,105.000,0.657,0.001453,0.0683626614999987
108.345,105.100,0.658,0.001456,0.068508082999999
108.445,105.200,0.659,0.001458,0.0686536949999991
108.545,105.300,0.66,0.001458,0.0687994509999992
108.645,105.400,0.661,0.00146,0.0689453419999992
108.745,105.500,0.662,0.001462,0.0690913579999991
108.845,105.600,0.663,0.001462,0.069237571999999
108.945,105.700,0.664,0.001464,0.069383932999999
109.045,105.800,0.665,0.001466,0.0695304259999991
109.145,105.900,0.666,0.001467,0.0696770664999992
109.245,106.000,0.667,0.001469,0.0698238934999992
109.345,106.100,0.668,0.001471,0.0699708534999991
109.445,106.200,0.669,0.00147,0.0701180039999989
109.545,106.300,0.67,0.001474,0.0702652659999986
109.645,106.400,0.671,0.001474,0.0704126259999983
109.745,106.500,0.672,0.001478,0.0705602289999982
109.845,106.600,0.673,0.001477,0.0707080184999985
109.945,106.700,0.674,0.001481,0.0708559934999988
110.045,106.800,0.675,0.001483,0.0710042154999989
110.145,106.900,0.676,0.001483,0.071152520499999
110.245,107.000,0.677,0.001485,0.0713010214999991
110.345,107.100,0.678,0.001488,0.071449634999999
110.445,107.200,0.679,0.001488,0.0715984259999988
110.545,107.300,0.68,0.001491,0.0717473574999987
110.645,107.400,0.681,0.001492,0.0718965649999987
110.745,107.500,0.682,0.001494,0.0720459739999987
110.845,107.600,0.683,0.001497,0.0721955254999987
110.945,107.700,0.684,0.001498,0.0723451039999986
111.045,107.800,0.685,0.001502,0.0724950409999983
111.145,107.900,0.686,0.001504,0.072645136999998
111.245,108.000,0.687,0.001504,0.0727954829999982
111.345,108.100,0.688,0.001506,0.0729460129999985
111.445,108.200,0.689,0.001509,0.0730967874999987
111.545,108.300,0.69,0.001511,0.0732476974999989
111.645,108.400,0.691,0.001513,0.0733988964999988
111.745,108.500,0.692,0.001515,0.0735502354999987
111.845,108.600,0.693,0.001516,0.0737017719999986
111.945,108.700,0.694,0.001519,0.0738535094999987
112.045,108.800,0.695,0.001519,0.0740054514999987
112.145,108.900,0.696,0.001522,0.0741575849999987
112.245,109.000,0.697,0.001522,0.0743098909999985
112.345,109.100,0.698,0.001527,0.0744624054999983
112.445,109.200,0.699,0.00153,0.0746152009999982
112.545,109.300,0.7,0.001534,0.0747682409999986
112.645,109.400,0.701,0.001532,0.0749214169999989
112.745,109.500,0.702,0.001533,0.0750747764999991
112.845,109.600,0.703,0.001537,0.0752283394999992
112.945,109.700,0.704,0.001539,0.0753821404999992
113.045,109.800,0.705,0.001542,0.0755361699999991
113.145,109.900,0.706,0.001545,0.0756904404999989
113.245,110.000,0.707,0.001545,0.0758449214999991
113.345,110.100,0.708,0.001547,0.0759995544999991
113.445,110.200,0.709,0.001549,0.076154401499999
113.545,110.300,0.71,0.001552,0.0763094369999988
113.645,110.400,0.711,0.001553,0.0764646844999985
113.745,110.500,0.712,0.001555,0.0766201644999985
113.845,110.600,0.713,0.001557,0.0767758764999989
113.945,110.700,0.714,0.001561,0.0769317794999991
114.045,110.800,0.715,0.001563,0.0770879624999993
114.145,110.900,0.716,0.001565,0.0772443414999993
114.245,111.000,0.717,0.001568,0.0774008989999992
114.345,111.100,0.718,0.00157,0.077557737999999
114.445,111.200,0.719,0.001571,0.0777148254999989
114.545,111.300,0.72,0.001574,0.077872061999999
114.645,111.400,0.721,0.001577,0.0780296224999988
114.745,111.500,0.722,0.001579,0.0781873074999986
114.845,111.600,0.723,0.001581,0.0783453094999985
114.945,111.700,0.724,0.001584,0.0785034899999988
115.045,111.800,0.725,0.001585,0.0786618744999992
115.145,111.900,0.726,0.00159,0.0788205529999993
115.245,112.000,0.727,0.00159,0.0789794479999995
115.345,112.100,0.728,0.001593,0.0791385664999994
115.445,112.200,0.729,0.001595,0.0792978984999993
115.545,112.300,0.73,0.001598,0.0794574679999991
115.645,112.400,0.731,0.001601,0.0796174444999991
115.745,112.500,0.732,0.001602,0.0797776899999989
115.845,112.600,0.733,0.001607,0.0799381934999987
115.945,112.700,0.734,0.001607,0.0800988794999989
116.045,112.800,0.735,0.001609,0.0802597504999994
116.145,112.900,0.736,0.001616,0.0804209999999996
116.245,113.000,0.737,0.001618,0.0805824739999998
116.345,113.100,0.738,0.00162,0.0807442969999997
116.445,113.200,0.739,0.001622,0.0809063629999995
116.545,113.300,0.74,0.001625,0.0810686284999992
116.645,113.400,0.741,0.001627,0.081231106499999
116.745,113.500,0.742,0.001629,0.0813938994999989
116.845,113.600,0.743,0.001631,0.0815568494999987
116.945,113.700,0.744,0.001635,0.0817200514999985
117.045,113.800,0.745,0.001637,0.0818836544999989
117.145,113.900,0.746,0.001639,0.0820474894999991
117.245,114.000,0.747,0.001645,0.0822117154999992
117.345,114.100,0.748,0.001651,0.0823765674999989
117.445,114.200,0.749,0.001652,0.0825416209999986
117.545,114.300,0.75,0.001655,0.0827069834999986
117.645,114.400,0.751,0.001658,0.0828726999999984
117.745,114.500,0.752,0.001661,0.0830386954999986
117.845,114.600,0.753,0.001667,0.0832051004999989
117.945,114.700,0.754,0.001672,0.0833720559999988
118.045,114.800,0.755,0.001676,0.0835393179999987
118.145,114.900,0.756,0.001678,0.0837069109999984
118.245,115.000,0.757,0.001682,0.0838748829999982
118.345,115.100,0.758,0.001686,0.0840431199999981
118.445,115.200,0.759,0.001687,0.0842117264999983
118.545,115.300,0.76,0.00169,0.0843806299999987
118.645,115.400,0.761,0.001693,0.0845498664999988
118.745,115.500,0.762,0.001699,0.0847194824999988
118.845,115.600,0.763,0.001702,0.0848894969999986
118.945,115.700,0.764,0.001703,0.0850598294999983
119.045,115.800,0.765,0.001705,0.0852303474999982
119.145,115.900,0.766,0.00171,0.085401232999998
119.245,116.000,0.767,0.001714,0.0855723749999981
119.345,116.100,0.768,0.001718,0.0857440139999984
119.445,116.200,0.769,0.001721,0.0859159974999985
119.545,116.300,0.77,0.001723,0.0860882704999985
119.645,116.400,0.771,0.00173,0.0862609559999983
119.745,116.500,0.772,0.001732,0.0864340789999979
119.845,116.600,0.773,0.001737,0.0866075334999977
119.945,116.700,0.774,0.001742,0.0867814979999982
120.045,116.800,0.775,0.001745,0.0869558824999985
120.145,116.900,0.776,0.001751,0.0871307254999985
120.245,117.000,0.777,0.001758,0.0873062339999982
120.345,117.100,0.778,0.001762,0.087482269999998
120.445,117.200,0.779,0.001768,0.0876588139999982
120.545,117.300,0.78,0.001771,0.0878357854999985
120.645,117.400,0.781,0.001777,0.0880131634999986
120.745,117.500,0.782,0.00178,0.0881909779999984
120.845,117.600,0.783,0.001784,0.0883692059999981
120.945,117.700,0.784,0.00179,0.088547964999998
121.045,117.800,0.785,0.001794,0.0887273079999985
121.145,117.900,0.786,0.0018,0.0889070309999987
121.245,118.000,0.787,0.001806,0.0890872419999987
121.345,118.100,0.788,0.001808,0.0892678819999984
121.445,118.200,0.789,0.001813,0.089448949499998
121.545,118.300,0.79,0.001817,0.0896304984999981
121.645,118.400,0.791,0.001821,0.0898125894999985
121.745,118.500,0.792,0.001831,0.0899953304999985
121.845,118.600,0.793,0.001837,0.0901787644999982
121.945,118.700,0.794,0.001842,0.0903627269999978
122.045,118.800,0.795,0.001848,0.0905472349999983
122.145,118.900,0.796,0.001854,0.0907323609999984
122.245,119.000,0.797,0.001858,0.0909180549999983
122.345,119.100,0.798,0.001864,0.0911043089999978
122.445,119.200,0.799,0.001887,0.0912911804999979
122.545,119.300,0.8,0.001895,0.0914803644999976
