出力日時,2021/06/09 14:35:14
データソース,VS2-2_LSV
表示対象ノード,Root\ECstat-301\LSV
Time(s),NodeTime(s),OutputVoltage(V),Current(A),Capacity(C)
3.353,0.100,-0.334,2E-06,1.52E-07
3.453,0.200,-0.333,3E-06,3.395E-07
3.553,0.300,-0.332,2E-06,5.90000000000001E-07
3.653,0.400,-0.331,2E-06,8.40000000000002E-07
3.753,0.500,-0.33,2E-06,1.043E-06
3.853,0.600,-0.329,3E-06,1.2985E-06
3.953,0.700,-0.328,2E-06,1.557E-06
4.053,0.800,-0.327,3E-06,1.8145E-06
4.153,0.900,-0.326,2E-06,2.075E-06
4.253,1.000,-0.325,3E-06,2.37549999999999E-06
4.353,1.100,-0.324,4E-06,2.68999999999999E-06
4.453,1.200,-0.323,4E-06,3.01299999999999E-06
4.553,1.300,-0.322,3E-06,3.28649999999999E-06
4.653,1.400,-0.321,3E-06,3.59049999999998E-06
4.753,1.500,-0.32,3E-06,3.87249999999998E-06
4.853,1.600,-0.319,3E-06,4.20049999999999E-06
4.953,1.700,-0.318,3E-06,4.56449999999998E-06
5.053,1.800,-0.317,1E-06,4.89149999999998E-06
5.153,1.900,-0.316,5E-06,5.23949999999998E-06
5.253,2.000,-0.315,3E-06,5.59049999999998E-06
5.353,2.100,-0.314,4E-06,5.92799999999998E-06
5.453,2.200,-0.313,4E-06,6.29799999999997E-06
5.553,2.300,-0.312,4E-06,6.67699999999996E-06
5.653,2.400,-0.311,5E-06,7.03749999999996E-06
5.753,2.500,-0.31,4E-06,7.44499999999995E-06
5.853,2.600,-0.309,5E-06,7.80649999999996E-06
5.953,2.700,-0.308,5E-06,8.21449999999998E-06
6.053,2.800,-0.307,2E-06,8.603E-06
6.153,2.900,-0.306,4E-06,8.96900000000003E-06
6.253,3.000,-0.305,5E-06,9.38450000000006E-06
6.353,3.100,-0.304,2E-06,9.83400000000009E-06
6.453,3.200,-0.303,4E-06,1.02390000000001E-05
6.553,3.300,-0.302,4E-06,1.06290000000001E-05
6.653,3.400,-0.301,4E-06,1.10670000000002E-05
6.753,3.500,-0.3,5E-06,1.15135000000002E-05
6.853,3.600,-0.299,5E-06,1.19745000000002E-05
6.953,3.700,-0.298,5E-06,1.24175000000002E-05
7.053,3.800,-0.297,5E-06,1.29185000000002E-05
7.153,3.900,-0.296,5E-06,1.33525000000003E-05
7.253,4.000,-0.295,5E-06,1.38235000000003E-05
7.353,4.100,-0.294,5E-06,1.43565000000003E-05
7.453,4.200,-0.293,6E-06,1.48520000000003E-05
7.553,4.300,-0.292,5E-06,1.53485000000003E-05
7.653,4.400,-0.291,4E-06,1.58840000000004E-05
7.753,4.500,-0.29,4E-06,1.63570000000004E-05
7.853,4.600,-0.289,7E-06,1.68905000000004E-05
7.953,4.700,-0.288,6E-06,1.74240000000004E-05
8.053,4.800,-0.287,5E-06,1.79015000000004E-05
8.153,4.900,-0.286,7E-06,1.84355000000004E-05
8.253,5.000,-0.285,6E-06,1.90140000000004E-05
8.353,5.100,-0.284,6E-06,1.95670000000004E-05
8.453,5.200,-0.283,6E-06,2.01660000000004E-05
8.553,5.300,-0.282,4E-06,2.07870000000004E-05
8.653,5.400,-0.281,6E-06,2.13630000000004E-05
8.753,5.500,-0.28,8E-06,2.20000000000004E-05
8.853,5.600,-0.279,6E-06,2.26250000000004E-05
8.953,5.700,-0.278,6E-06,2.32510000000004E-05
9.053,5.800,-0.277,7E-06,2.38805000000004E-05
9.153,5.900,-0.276,7E-06,2.45005000000003E-05
9.253,6.000,-0.275,6E-06,2.51380000000003E-05
9.353,6.100,-0.274,8E-06,2.57830000000004E-05
9.453,6.200,-0.273,7E-06,2.64775000000004E-05
9.553,6.300,-0.272,6E-06,2.71890000000004E-05
9.653,6.400,-0.271,7E-06,2.78775000000004E-05
9.753,6.500,-0.27,8E-06,2.85690000000004E-05
9.853,6.600,-0.269,7E-06,2.92705000000004E-05
9.953,6.700,-0.268,7E-06,2.99875000000004E-05
10.053,6.800,-0.267,7E-06,3.07325000000004E-05
10.153,6.900,-0.266,8E-06,3.14630000000004E-05
10.253,7.000,-0.265,8E-06,3.21970000000005E-05
10.353,7.100,-0.264,8E-06,3.29510000000005E-05
10.453,7.200,-0.263,9E-06,3.37295000000006E-05
10.553,7.300,-0.262,1E-05,3.45390000000006E-05
10.653,7.400,-0.261,9E-06,3.53685000000007E-05
10.753,7.500,-0.26,9E-06,3.61775000000008E-05
10.853,7.600,-0.259,8E-06,3.70460000000008E-05
10.953,7.700,-0.258,9E-06,3.78845000000009E-05
11.053,7.800,-0.257,8E-06,3.8750000000001E-05
11.153,7.900,-0.256,9E-06,3.9637500000001E-05
11.253,8.000,-0.255,7E-06,4.04575000000011E-05
11.353,8.100,-0.254,9E-06,4.13175000000012E-05
11.453,8.200,-0.253,9E-06,4.22295000000012E-05
11.553,8.300,-0.252,9E-06,4.31365000000012E-05
11.653,8.400,-0.251,1E-05,4.40420000000013E-05
11.753,8.500,-0.25,1.1E-05,4.49705000000013E-05
11.853,8.600,-0.249,1E-05,4.59650000000014E-05
11.953,8.700,-0.248,1E-05,4.69510000000014E-05
12.053,8.800,-0.247,1.1E-05,4.79015000000014E-05
12.153,8.900,-0.246,1E-05,4.89380000000014E-05
12.253,9.000,-0.245,1E-05,4.99480000000015E-05
12.353,9.100,-0.244,1E-05,5.10080000000015E-05
12.453,9.200,-0.243,1E-05,5.20620000000015E-05
12.553,9.300,-0.242,1E-05,5.31350000000016E-05
12.653,9.400,-0.241,1.3E-05,5.42085000000016E-05
12.753,9.500,-0.24,1.1E-05,5.53405000000016E-05
12.853,9.600,-0.239,1.2E-05,5.64690000000016E-05
12.953,9.700,-0.238,1.1E-05,5.75795000000016E-05
13.053,9.800,-0.237,1.2E-05,5.87210000000016E-05
13.153,9.900,-0.236,1.2E-05,5.99230000000016E-05
13.253,10.000,-0.235,1.2E-05,6.10950000000016E-05
13.353,10.100,-0.234,1.1E-05,6.22605000000017E-05
13.453,10.200,-0.233,1.3E-05,6.34895000000018E-05
13.553,10.300,-0.232,1.2E-05,6.47530000000019E-05
13.653,10.400,-0.231,1.3E-05,6.5997500000002E-05
13.753,10.500,-0.23,1.3E-05,6.7232500000002E-05
13.853,10.600,-0.229,1.2E-05,6.8535000000002E-05
13.953,10.700,-0.228,1.3E-05,6.98285000000021E-05
14.053,10.800,-0.227,1.2E-05,7.1138000000002E-05
14.153,10.900,-0.226,1.3E-05,7.2478500000002E-05
14.253,11.000,-0.225,1.3E-05,7.38475000000019E-05
14.353,11.100,-0.224,1.4E-05,7.52280000000019E-05
14.453,11.200,-0.223,1.4E-05,7.66230000000019E-05
14.553,11.300,-0.222,1.3E-05,7.80465000000018E-05
14.653,11.400,-0.221,1.5E-05,7.94875000000018E-05
14.753,11.500,-0.22,1.5E-05,8.09405000000018E-05
14.853,11.600,-0.219,1.5E-05,8.24515000000018E-05
14.953,11.700,-0.218,1.4E-05,8.39060000000018E-05
15.053,11.800,-0.217,1.4E-05,8.53960000000018E-05
15.153,11.900,-0.216,1.6E-05,8.68900000000018E-05
15.253,12.000,-0.215,1.5E-05,8.84225000000019E-05
15.353,12.100,-0.214,1.6E-05,9.0009000000002E-05
15.453,12.200,-0.213,1.7E-05,9.15835000000021E-05
15.553,12.300,-0.212,1.5E-05,9.31805000000022E-05
15.653,12.400,-0.211,1.7E-05,9.47805000000024E-05
15.753,12.500,-0.21,1.6E-05,9.64450000000025E-05
15.853,12.600,-0.209,1.7E-05,9.81205000000028E-05
15.953,12.700,-0.208,1.6E-05,9.9775000000003E-05
16.053,12.800,-0.207,1.7E-05,0.000101466500000003
16.153,12.900,-0.206,1.6E-05,0.000103153000000003
16.253,13.000,-0.205,1.7E-05,0.000104889500000004
16.353,13.100,-0.204,1.8E-05,0.000106615000000004
16.453,13.200,-0.203,1.9E-05,0.000108402500000004
16.553,13.300,-0.202,1.8E-05,0.000110153000000004
16.653,13.400,-0.201,1.8E-05,0.000111965000000004
16.753,13.500,-0.2,1.8E-05,0.000113836000000004
16.853,13.600,-0.199,1.9E-05,0.000115676500000004
16.953,13.700,-0.198,1.8E-05,0.000117553000000004
17.053,13.800,-0.197,1.9E-05,0.000119451500000004
17.153,13.900,-0.196,1.8E-05,0.000121365000000004
17.253,14.000,-0.195,1.9E-05,0.000123280500000004
17.353,14.100,-0.194,2.1E-05,0.000125237500000004
17.453,14.200,-0.193,1.8E-05,0.000127272000000004
17.553,14.300,-0.192,2.2E-05,0.000129275000000004
17.653,14.400,-0.191,2E-05,0.000131324000000004
17.753,14.500,-0.19,2.1E-05,0.000133373500000004
17.853,14.600,-0.189,2.2E-05,0.000135455000000004
17.953,14.700,-0.188,2.1E-05,0.000137557500000003
18.053,14.800,-0.187,2.1E-05,0.000139685500000003
18.153,14.900,-0.186,2.1E-05,0.000141820500000003
18.253,15.000,-0.185,2.2E-05,0.000143978000000003
18.353,15.100,-0.184,2.2E-05,0.000146141000000003
18.453,15.200,-0.183,2.2E-05,0.000148330000000003
18.553,15.300,-0.182,2.1E-05,0.000150600500000003
18.653,15.400,-0.181,2.2E-05,0.000152862000000002
18.753,15.500,-0.18,2.4E-05,0.000155105000000002
18.853,15.600,-0.179,2.3E-05,0.000157428500000003
18.953,15.700,-0.178,2.3E-05,0.000159749500000003
19.053,15.800,-0.177,2.4E-05,0.000162066000000003
19.153,15.900,-0.176,2.4E-05,0.000164422000000003
19.253,16.000,-0.175,2.3E-05,0.000166813500000003
19.353,16.100,-0.174,2.4E-05,0.000169193000000003
19.453,16.200,-0.173,2.4E-05,0.000171654000000004
19.553,16.300,-0.172,2.5E-05,0.000174118500000004
19.653,16.400,-0.171,2.6E-05,0.000176600000000004
19.753,16.500,-0.17,2.4E-05,0.000179080000000004
19.853,16.600,-0.169,2.7E-05,0.000181612500000004
19.953,16.700,-0.168,2.5E-05,0.000184187500000004
20.053,16.800,-0.167,2.7E-05,0.000186763500000005
20.153,16.900,-0.166,2.6E-05,0.000189371000000005
20.253,17.000,-0.165,2.5E-05,0.000192008500000005
20.353,17.100,-0.164,2.6E-05,0.000194673000000005
20.453,17.200,-0.163,2.6E-05,0.000197330000000006
20.553,17.300,-0.162,2.8E-05,0.000200019000000006
20.653,17.400,-0.161,2.6E-05,0.000202678000000006
20.753,17.500,-0.16,2.8E-05,0.000205390000000006
20.853,17.600,-0.159,2.7E-05,0.000208123500000006
20.953,17.700,-0.158,2.8E-05,0.000210913000000006
21.053,17.800,-0.157,2.9E-05,0.000213687500000007
21.153,17.900,-0.156,2.8E-05,0.000216489000000007
21.253,18.000,-0.155,2.9E-05,0.000219355500000006
21.353,18.100,-0.154,2.9E-05,0.000222221500000006
21.453,18.200,-0.153,2.8E-05,0.000225115000000006
21.553,18.300,-0.152,2.9E-05,0.000228026500000006
21.653,18.400,-0.151,2.9E-05,0.000230976500000006
21.753,18.500,-0.15,3E-05,0.000233946000000005
21.853,18.600,-0.149,3E-05,0.000236938000000005
21.953,18.700,-0.148,3E-05,0.000239970000000005
22.053,18.800,-0.147,3E-05,0.000243006000000005
22.153,18.900,-0.146,3.2E-05,0.000246103000000005
22.253,19.000,-0.145,3.1E-05,0.000249163500000005
22.353,19.100,-0.144,3.2E-05,0.000252283000000005
22.453,19.200,-0.143,3.3E-05,0.000255394500000005
22.553,19.300,-0.142,3.4E-05,0.000258562000000005
22.653,19.400,-0.141,3.1E-05,0.000261787500000005
22.753,19.500,-0.14,3.2E-05,0.000264974000000004
22.853,19.600,-0.139,3.1E-05,0.000268176500000003
22.953,19.700,-0.138,3.2E-05,0.000271434000000003
23.053,19.800,-0.137,3.1E-05,0.000274671500000002
23.153,19.900,-0.136,3.3E-05,0.000277953500000001
23.253,20.000,-0.135,3.2E-05,0.00028125
23.353,20.100,-0.134,3.2E-05,0.000284577
23.453,20.200,-0.133,3.4E-05,0.000287898
23.553,20.300,-0.132,3.5E-05,0.0002912535
23.653,20.400,-0.131,3.4E-05,0.000294641
23.753,20.500,-0.13,3.6E-05,0.000298109000000001
23.853,20.600,-0.129,3.3E-05,0.000301552500000001
23.953,20.700,-0.128,3.5E-05,0.000305050500000001
24.053,20.800,-0.127,3.6E-05,0.000308543000000001
24.153,20.900,-0.126,3.5E-05,0.000312080500000001
24.253,21.000,-0.125,3.5E-05,0.000315613500000001
24.353,21.100,-0.124,3.6E-05,0.000319191
24.453,21.200,-0.123,3.7E-05,0.000322816499999999
24.553,21.300,-0.122,3.6E-05,0.000326436999999999
24.653,21.400,-0.121,3.7E-05,0.000330100499999998
24.753,21.500,-0.12,3.7E-05,0.000333765499999998
24.853,21.600,-0.119,3.8E-05,0.000337462999999998
24.953,21.700,-0.118,3.8E-05,0.000341219999999998
25.053,21.800,-0.117,3.9E-05,0.000344927499999998
25.153,21.900,-0.116,3.9E-05,0.000348691499999998
25.253,22.000,-0.115,3.8E-05,0.000352462999999998
25.353,22.100,-0.114,4E-05,0.000356248999999998
25.453,22.200,-0.113,3.8E-05,0.000360074999999998
25.553,22.300,-0.112,3.8E-05,0.000363926999999999
25.653,22.400,-0.111,3.9E-05,0.000367816499999999
25.753,22.500,-0.11,3.9E-05,0.0003717025
25.853,22.600,-0.109,3.8E-05,0.000375643000000001
25.953,22.700,-0.108,4E-05,0.000379603000000001
26.053,22.800,-0.107,4.1E-05,0.000383573500000001
26.153,22.900,-0.106,4E-05,0.000387551000000001
26.253,23.000,-0.105,4E-05,0.000391546000000001
26.353,23.100,-0.104,4.1E-05,0.0003955485
26.453,23.200,-0.103,4.2E-05,0.000399636
26.553,23.300,-0.102,4E-05,0.00040369
26.653,23.400,-0.101,4.1E-05,0.000407778499999999
26.753,23.500,-0.1,4E-05,0.000411887999999999
26.853,23.600,-0.099,4.1E-05,0.000416034499999999
26.953,23.700,-0.098,4.2E-05,0.000420188999999999
27.053,23.800,-0.097,4.2E-05,0.000424345999999999
27.153,23.900,-0.096,4.2E-05,0.000428509999999999
27.253,24.000,-0.095,4.2E-05,0.000432761999999999
27.353,24.100,-0.094,4.2E-05,0.000437002999999999
27.453,24.200,-0.093,4.2E-05,0.000441289999999999
27.553,24.300,-0.092,4.3E-05,0.000445559499999998
27.653,24.400,-0.091,4.6E-05,0.000449899999999997
27.753,24.500,-0.09,4.4E-05,0.000454278999999997
27.853,24.600,-0.089,4.3E-05,0.000458685499999996
27.953,24.700,-0.088,4.4E-05,0.000463082999999995
28.053,24.800,-0.087,4.6E-05,0.000467531999999994
28.153,24.900,-0.086,4.3E-05,0.000471975499999994
28.253,25.000,-0.085,4.4E-05,0.000476429999999994
28.353,25.100,-0.084,4.5E-05,0.000480871499999993
28.453,25.200,-0.083,4.6E-05,0.000485352999999993
28.553,25.300,-0.082,4.5E-05,0.000489870499999993
28.653,25.400,-0.081,4.5E-05,0.000494408499999992
28.753,25.500,-0.08,4.6E-05,0.000498971999999992
28.853,25.600,-0.079,4.5E-05,0.000503576499999992
28.953,25.700,-0.078,4.6E-05,0.000508146999999992
29.053,25.800,-0.077,4.6E-05,0.000512783999999992
29.153,25.900,-0.076,4.7E-05,0.000517397499999991
29.253,26.000,-0.075,4.6E-05,0.000522049999999991
29.353,26.100,-0.074,4.7E-05,0.000526739499999992
29.453,26.200,-0.073,4.8E-05,0.000531413999999992
29.553,26.300,-0.072,4.8E-05,0.000536172999999994
29.653,26.400,-0.071,4.9E-05,0.000540891499999995
29.753,26.500,-0.07,4.9E-05,0.000545677499999995
29.853,26.600,-0.069,4.8E-05,0.000550463999999996
29.953,26.700,-0.068,4.9E-05,0.000555281499999997
30.053,26.800,-0.067,4.8E-05,0.000560148999999996
30.153,26.900,-0.066,4.9E-05,0.000565005499999996
30.253,27.000,-0.065,4.9E-05,0.000569879499999994
30.353,27.100,-0.064,4.9E-05,0.000574776499999994
30.453,27.200,-0.063,4.8E-05,0.000579690999999993
30.553,27.300,-0.062,4.9E-05,0.000584609499999992
30.653,27.400,-0.061,5E-05,0.000589579999999991
30.753,27.500,-0.06,5E-05,0.00059457999999999
30.853,27.600,-0.059,5E-05,0.000599574999999988
30.953,27.700,-0.058,5.1E-05,0.000604585499999987
31.053,27.800,-0.057,5.2E-05,0.000609591999999986
31.153,27.900,-0.056,5.1E-05,0.000614647499999985
31.253,28.000,-0.055,4.9E-05,0.000619683499999984
31.353,28.100,-0.054,5.1E-05,0.000624754499999983
31.453,28.200,-0.053,5.1E-05,0.000629866499999981
31.553,28.300,-0.052,5.2E-05,0.00063501599999998
31.653,28.400,-0.051,5.1E-05,0.000640141499999978
31.753,28.500,-0.05,5.3E-05,0.000645296499999978
31.853,28.600,-0.049,5.1E-05,0.000650470499999977
31.953,28.700,-0.048,5.1E-05,0.000655683499999976
32.053,28.800,-0.047,5.3E-05,0.000660874499999974
32.153,28.900,-0.046,5.3E-05,0.000666092499999974
32.253,29.000,-0.045,5.2E-05,0.000671360999999974
32.353,29.100,-0.044,5.5E-05,0.000676638499999973
32.453,29.200,-0.043,5.3E-05,0.000681889499999972
32.553,29.300,-0.042,5.4E-05,0.000687235999999972
32.653,29.400,-0.041,5.2E-05,0.000692604999999973
32.753,29.500,-0.04,5.4E-05,0.000697974999999974
32.853,29.600,-0.039,5.3E-05,0.000703329499999974
32.953,29.700,-0.038,5.3E-05,0.000708734499999974
33.053,29.800,-0.037,5.6E-05,0.000714127999999975
33.153,29.900,-0.036,5.5E-05,0.000719576499999976
33.253,30.000,-0.035,5.5E-05,0.000725005499999976
33.353,30.100,-0.034,5.6E-05,0.000730465999999977
33.453,30.200,-0.033,5.5E-05,0.000735951499999978
33.553,30.300,-0.032,5.5E-05,0.000741440499999979
33.653,30.400,-0.031,5.6E-05,0.00074696299999998
33.753,30.500,-0.03,5.5E-05,0.000752485499999981
33.853,30.600,-0.029,5.6E-05,0.000757996999999982
33.953,30.700,-0.028,5.6E-05,0.000763553999999981
34.053,30.800,-0.027,5.6E-05,0.00076912999999998
34.153,30.900,-0.026,5.6E-05,0.000774736999999978
34.253,31.000,-0.025,5.7E-05,0.000780341499999977
34.353,31.100,-0.024,5.6E-05,0.000785995999999975
34.453,31.200,-0.023,5.8E-05,0.000791636999999974
34.553,31.300,-0.022,5.8E-05,0.000797286999999972
34.653,31.400,-0.021,5.8E-05,0.000802965999999969
34.753,31.500,-0.02,5.8E-05,0.000808674999999968
34.853,31.600,-0.019,5.7E-05,0.000814401499999965
34.953,31.700,-0.018,5.8E-05,0.000820126999999963
35.053,31.800,-0.017,5.8E-05,0.00082586899999996
35.153,31.900,-0.016,5.8E-05,0.000831687999999959
35.253,32.000,-0.015,5.9E-05,0.000837484499999958
35.353,32.100,-0.014,6E-05,0.000843298999999957
35.453,32.200,-0.013,5.8E-05,0.000849141999999955
35.553,32.300,-0.012,6E-05,0.000854987999999954
35.653,32.400,-0.011,5.9E-05,0.000860845499999953
35.753,32.500,-0.01,5.9E-05,0.000866699499999952
35.853,32.600,-0.009,5.9E-05,0.000872616499999952
35.953,32.700,-0.008,6E-05,0.000878551999999951
36.053,32.800,-0.007,6E-05,0.000884511999999951
36.153,32.900,-0.006,6E-05,0.000890432999999951
36.253,33.000,-0.005,5.8E-05,0.00089639299999995
36.353,33.100,-0.004,6.1E-05,0.00090238449999995
36.453,33.200,-0.003,6.1E-05,0.00090837949999995
36.553,33.300,-0.002,6.1E-05,0.00091442049999995
36.653,33.400,-0.001,6.1E-05,0.000920471499999951
36.753,33.500,0,6E-05,0.000926552999999951
36.853,33.600,0.001,6.1E-05,0.000932618499999951
36.953,33.700,0.002,6.2E-05,0.000938716999999952
37.053,33.800,0.003,6E-05,0.000944828999999952
37.153,33.900,0.004,6E-05,0.000950932999999954
37.253,34.000,0.005,6.1E-05,0.000957083499999954
37.353,34.100,0.006,6.1E-05,0.000963250499999955
37.453,34.200,0.007,6.1E-05,0.000969416499999956
37.553,34.300,0.008,6.2E-05,0.000975587999999956
37.653,34.400,0.009,6.2E-05,0.000981798999999957
37.753,34.500,0.01,6.3E-05,0.000988054499999956
37.853,34.600,0.011,6.3E-05,0.000994293499999956
37.953,34.700,0.012,6.3E-05,0.00100054349999995
38.053,34.800,0.013,6.3E-05,0.00100682549999996
38.153,34.900,0.014,6.5E-05,0.00101312949999996
38.253,35.000,0.015,6.3E-05,0.00101945649999995
38.353,35.100,0.016,6.2E-05,0.00102581399999995
38.453,35.200,0.017,6.2E-05,0.00103215299999995
38.553,35.300,0.018,6.5E-05,0.00103852949999995
38.653,35.400,0.019,6.4E-05,0.00104493699999996
38.753,35.500,0.02,6.4E-05,0.00105134999999996
38.853,35.600,0.021,6.5E-05,0.00105771749999996
38.953,35.700,0.022,6.5E-05,0.00106412749999996
39.053,35.800,0.023,6.4E-05,0.00107054899999996
39.153,35.900,0.024,6.3E-05,0.00107698249999996
39.253,36.000,0.025,6.5E-05,0.00108343849999996
39.353,36.100,0.026,6.4E-05,0.00108990899999996
39.453,36.200,0.027,6.5E-05,0.00109639849999996
39.553,36.300,0.028,6.5E-05,0.00110288749999995
39.653,36.400,0.029,6.5E-05,0.00110940849999995
39.753,36.500,0.03,6.7E-05,0.00111595449999995
39.853,36.600,0.031,6.6E-05,0.00112251999999995
39.953,36.700,0.032,6.6E-05,0.00112907499999994
40.053,36.800,0.033,6.7E-05,0.00113562149999994
40.153,36.900,0.034,6.6E-05,0.00114225899999994
40.253,37.000,0.035,6.5E-05,0.00114888249999994
40.353,37.100,0.036,6.7E-05,0.00115550249999994
40.453,37.200,0.037,6.7E-05,0.00116215049999994
40.553,37.300,0.038,6.7E-05,0.00116879949999994
40.653,37.400,0.039,6.6E-05,0.00117547299999993
40.753,37.500,0.04,6.7E-05,0.00118215649999993
40.853,37.600,0.041,6.8E-05,0.00118889099999993
40.953,37.700,0.042,6.7E-05,0.00119563849999993
41.053,37.800,0.043,6.8E-05,0.00120236399999993
41.153,37.900,0.044,6.6E-05,0.00120910999999993
41.253,38.000,0.045,6.7E-05,0.00121581249999993
41.353,38.100,0.046,6.7E-05,0.00122255449999993
41.453,38.200,0.047,6.7E-05,0.00122930749999993
41.553,38.300,0.048,6.7E-05,0.00123611249999993
41.653,38.400,0.049,6.9E-05,0.00124293349999993
41.753,38.500,0.05,6.7E-05,0.00124973649999993
41.853,38.600,0.051,6.7E-05,0.00125655849999993
41.953,38.700,0.052,7E-05,0.00126341199999993
42.053,38.800,0.053,6.8E-05,0.00127028699999993
42.153,38.900,0.054,6.8E-05,0.00127716599999993
42.253,39.000,0.055,6.9E-05,0.00128401949999993
42.353,39.100,0.056,6.9E-05,0.00129088449999993
42.453,39.200,0.057,7E-05,0.00129776699999993
42.553,39.300,0.058,6.9E-05,0.00130468649999993
42.653,39.400,0.059,7E-05,0.00131161499999993
42.753,39.500,0.06,6.8E-05,0.00131856699999993
42.853,39.600,0.061,7.1E-05,0.00132555149999993
42.953,39.700,0.062,7E-05,0.00133258599999993
43.053,39.800,0.063,6.9E-05,0.00133957849999993
43.153,39.900,0.064,6.9E-05,0.00134656849999993
43.253,40.000,0.065,7.2E-05,0.00135357899999993
43.353,40.100,0.066,7.1E-05,0.00136060449999993
43.453,40.200,0.067,6.9E-05,0.00136764549999993
43.553,40.300,0.068,7.1E-05,0.00137468949999993
43.653,40.400,0.069,7.2E-05,0.00138174599999993
43.753,40.500,0.07,6.9E-05,0.00138879249999993
43.853,40.600,0.071,7.2E-05,0.00139591299999993
43.953,40.700,0.072,7.3E-05,0.00140298549999993
44.053,40.800,0.073,7.2E-05,0.00141011599999993
44.153,40.900,0.074,7.2E-05,0.00141725099999993
44.253,41.000,0.075,7E-05,0.00142441299999993
44.353,41.100,0.076,7.2E-05,0.00143156699999993
44.453,41.200,0.077,7.1E-05,0.00143871449999993
44.553,41.300,0.078,7.1E-05,0.00144590149999993
44.653,41.400,0.079,7.2E-05,0.00145310899999993
44.753,41.500,0.08,7.2E-05,0.00146034899999993
44.853,41.600,0.081,7.1E-05,0.00146755549999993
44.953,41.700,0.082,7.2E-05,0.00147480999999993
45.053,41.800,0.083,7.3E-05,0.00148203549999993
45.153,41.900,0.084,7.1E-05,0.00148932349999992
45.253,42.000,0.085,7.2E-05,0.00149664999999992
45.353,42.100,0.086,7.4E-05,0.00150392899999992
45.453,42.200,0.087,7.2E-05,0.00151127099999992
45.553,42.300,0.088,7.4E-05,0.00151859799999992
45.653,42.400,0.089,7.4E-05,0.00152590899999992
45.753,42.500,0.09,7.3E-05,0.00153325049999992
45.853,42.600,0.091,7.3E-05,0.00154063649999992
45.953,42.700,0.092,7.4E-05,0.00154802999999992
46.053,42.800,0.093,7.3E-05,0.00155542249999991
46.153,42.900,0.094,7.4E-05,0.00156284299999991
46.253,43.000,0.095,7.4E-05,0.00157026499999991
46.353,43.100,0.096,7.3E-05,0.00157767749999991
46.453,43.200,0.097,7.5E-05,0.00158509249999991
46.553,43.300,0.098,7.6E-05,0.00159254399999991
46.653,43.400,0.099,7.3E-05,0.00159998149999991
46.753,43.500,0.1,7.4E-05,0.00160739899999991
46.853,43.600,0.101,7.4E-05,0.00161488799999991
46.953,43.700,0.102,7.5E-05,0.00162239049999991
47.053,43.800,0.103,7.6E-05,0.00162985599999991
47.153,43.900,0.104,7.4E-05,0.00163734299999991
47.253,44.000,0.105,7.4E-05,0.00164485699999991
47.353,44.100,0.106,7.5E-05,0.0016523454999999
47.453,44.200,0.107,7.6E-05,0.0016599019999999
47.553,44.300,0.108,7.5E-05,0.0016674094999999
47.653,44.400,0.109,7.6E-05,0.0016749399999999
47.753,44.500,0.11,7.7E-05,0.0016825254999999
47.853,44.600,0.111,7.6E-05,0.0016901299999999
47.953,44.700,0.112,7.6E-05,0.0016977199999999
48.053,44.800,0.113,7.7E-05,0.0017053004999999
48.153,44.900,0.114,7.5E-05,0.00171289949999991
48.253,45.000,0.115,7.7E-05,0.00172054149999991
48.353,45.100,0.116,7.8E-05,0.00172820199999991
48.453,45.200,0.117,7.6E-05,0.0017358299999999
48.553,45.300,0.118,7.9E-05,0.0017434814999999
48.653,45.400,0.119,7.7E-05,0.0017512004999999
48.753,45.500,0.12,7.8E-05,0.0017588879999999
48.853,45.600,0.121,7.4E-05,0.0017665519999999
48.953,45.700,0.122,7.6E-05,0.0017742299999999
49.053,45.800,0.123,7.7E-05,0.0017819504999999
49.153,45.900,0.124,7.7E-05,0.0017896714999999
49.253,46.000,0.125,7.8E-05,0.0017973919999999
49.353,46.100,0.126,7.8E-05,0.0018051159999999
49.453,46.200,0.127,7.7E-05,0.0018128724999999
49.553,46.300,0.128,7.8E-05,0.0018206359999999
49.653,46.400,0.129,7.7E-05,0.00182840549999989
49.753,46.500,0.13,7.9E-05,0.00183615549999989
49.853,46.600,0.131,7.7E-05,0.00184392249999989
49.953,46.700,0.132,7.9E-05,0.00185171749999989
50.053,46.800,0.133,7.9E-05,0.00185950649999989
50.153,46.900,0.134,7.9E-05,0.00186732749999988
50.253,47.000,0.135,7.8E-05,0.00187516699999988
50.353,47.100,0.136,7.9E-05,0.00188300449999988
50.453,47.200,0.137,7.9E-05,0.00189082249999988
50.553,47.300,0.138,7.9E-05,0.00189870449999988
50.653,47.400,0.139,7.9E-05,0.00190654949999988
50.753,47.500,0.14,7.9E-05,0.00191440949999988
50.853,47.600,0.141,7.9E-05,0.00192228949999988
50.953,47.700,0.142,7.9E-05,0.00193018749999988
51.053,47.800,0.143,8E-05,0.00193809599999988
51.153,47.900,0.144,7.9E-05,0.00194601549999988
51.253,48.000,0.145,8E-05,0.00195395799999988
51.353,48.100,0.146,8E-05,0.00196190299999988
51.453,48.200,0.147,8.1E-05,0.00196986849999988
51.553,48.300,0.148,8E-05,0.00197782899999988
51.653,48.400,0.149,7.9E-05,0.00198580049999988
51.753,48.500,0.15,8E-05,0.00199381999999988
51.853,48.600,0.151,8.1E-05,0.00200177649999988
51.953,48.700,0.152,8.2E-05,0.00200977599999989
52.053,48.800,0.153,7.9E-05,0.00201773349999988
52.153,48.900,0.154,8E-05,0.00202575699999988
52.253,49.000,0.155,8.1E-05,0.00203379349999989
52.353,49.100,0.156,8E-05,0.00204180299999989
52.453,49.200,0.157,8.1E-05,0.00204985349999989
52.553,49.300,0.158,7.9E-05,0.00205788949999989
52.653,49.400,0.159,8E-05,0.00206592299999989
52.753,49.500,0.16,8E-05,0.00207395999999989
52.853,49.600,0.161,8.2E-05,0.00208203799999989
52.953,49.700,0.162,8.2E-05,0.00209016899999989
53.053,49.800,0.163,8.1E-05,0.00209829849999989
53.153,49.900,0.164,8.2E-05,0.00210645799999989
53.253,50.000,0.165,8E-05,0.00211458699999988
53.353,50.100,0.166,8.1E-05,0.00212268749999988
53.453,50.200,0.167,8.2E-05,0.00213081699999988
53.553,50.300,0.168,8.2E-05,0.00213896299999987
53.653,50.400,0.169,8.2E-05,0.00214710799999987
53.753,50.500,0.17,8.1E-05,0.00215525849999987
53.853,50.600,0.171,8E-05,0.00216341699999987
53.953,50.700,0.172,8.1E-05,0.00217154649999986
54.053,50.800,0.173,8.2E-05,0.00217976199999986
54.153,50.900,0.174,8.3E-05,0.00218793749999986
54.253,51.000,0.175,8.2E-05,0.00219613899999985
54.353,51.100,0.176,8.3E-05,0.00220433649999985
54.453,51.200,0.177,8.1E-05,0.00221257949999985
54.553,51.300,0.178,8.3E-05,0.00222081049999984
54.653,51.400,0.179,8.1E-05,0.00222902949999984
54.753,51.500,0.18,8.4E-05,0.00223725599999983
54.853,51.600,0.181,8.4E-05,0.00224551399999983
54.953,51.700,0.182,8.2E-05,0.00225381799999983
55.053,51.800,0.183,8.4E-05,0.00226209199999982
55.153,51.900,0.184,8.2E-05,0.00227041999999982
55.253,52.000,0.185,8.2E-05,0.00227871399999981
55.353,52.100,0.186,8.4E-05,0.00228702999999981
55.453,52.200,0.187,8.3E-05,0.0022953494999998
55.553,52.300,0.188,8.3E-05,0.0023036914999998
55.653,52.400,0.189,8.3E-05,0.00231207649999979
55.753,52.500,0.19,8.4E-05,0.00232043399999979
55.853,52.600,0.191,8.4E-05,0.00232881799999978
55.953,52.700,0.192,8.4E-05,0.00233720399999978
56.053,52.800,0.193,8.4E-05,0.00234559099999977
56.153,52.900,0.194,8.5E-05,0.00235399549999977
56.253,53.000,0.195,8.4E-05,0.00236240799999976
56.353,53.100,0.196,8.3E-05,0.00237081149999975
56.453,53.200,0.197,8.5E-05,0.00237922549999975
56.553,53.300,0.198,8.5E-05,0.00238764849999974
56.653,53.400,0.199,8.5E-05,0.00239607549999974
56.753,53.500,0.2,8.6E-05,0.00240451199999974
56.853,53.600,0.201,8.6E-05,0.00241293299999973
56.953,53.700,0.202,8.2E-05,0.00242140599999973
57.053,53.800,0.203,8.5E-05,0.00242982949999972
57.153,53.900,0.204,8.5E-05,0.00243830349999972
57.253,54.000,0.205,8.6E-05,0.00244677299999972
57.353,54.100,0.206,8.5E-05,0.00245527149999971
57.453,54.200,0.207,8.7E-05,0.00246379249999971
57.553,54.300,0.208,8.4E-05,0.00247228599999972
57.653,54.400,0.209,8.6E-05,0.00248078299999972
57.753,54.500,0.21,8.5E-05,0.00248925949999972
57.853,54.600,0.211,8.6E-05,0.00249779499999972
57.953,54.700,0.212,8.4E-05,0.00250628499999971
58.053,54.800,0.213,8.4E-05,0.00251479199999971
58.153,54.900,0.214,8.6E-05,0.00252333999999971
58.253,55.000,0.215,8.4E-05,0.00253190499999971
58.353,55.100,0.216,8.6E-05,0.00254044699999971
58.453,55.200,0.217,8.7E-05,0.00254903649999971
58.553,55.300,0.218,8.7E-05,0.00255762049999971
58.653,55.400,0.219,8.6E-05,0.00256617499999971
58.753,55.500,0.22,8.7E-05,0.00257476949999971
58.853,55.600,0.221,8.6E-05,0.00258336799999971
58.953,55.700,0.222,8.5E-05,0.00259197749999972
59.053,55.800,0.223,8.6E-05,0.00260059399999972
59.153,55.900,0.224,8.6E-05,0.00260922299999972
59.253,56.000,0.225,8.6E-05,0.00261784699999972
59.353,56.100,0.226,8.7E-05,0.00262650349999972
59.453,56.200,0.227,8.6E-05,0.00263515399999973
59.553,56.300,0.228,8.6E-05,0.00264380299999973
59.653,56.400,0.229,8.7E-05,0.00265246349999973
59.753,56.500,0.23,8.8E-05,0.00266111799999973
59.853,56.600,0.231,8.7E-05,0.00266980749999973
59.953,56.700,0.232,8.6E-05,0.00267850099999974
60.053,56.800,0.233,8.7E-05,0.00268717349999974
60.153,56.900,0.234,8.7E-05,0.00269588849999974
60.253,57.000,0.235,8.5E-05,0.00270458749999974
60.353,57.100,0.236,8.7E-05,0.00271332949999974
60.453,57.200,0.237,8.6E-05,0.00272205199999974
60.553,57.300,0.238,8.9E-05,0.00273080549999974
60.653,57.400,0.239,8.8E-05,0.00273958999999975
60.753,57.500,0.24,8.7E-05,0.00274837249999974
60.853,57.600,0.241,8.9E-05,0.00275713749999974
60.953,57.700,0.242,8.6E-05,0.00276593299999975
61.053,57.800,0.243,8.8E-05,0.00277473799999975
61.153,57.900,0.244,8.7E-05,0.00278355449999975
61.253,58.000,0.245,8.9E-05,0.00279237049999975
61.353,58.100,0.246,8.9E-05,0.00280119849999975
61.453,58.200,0.247,8.8E-05,0.00280998099999976
61.553,58.300,0.248,8.8E-05,0.00281877899999976
61.653,58.400,0.249,8.8E-05,0.00282762899999976
61.753,58.500,0.25,8.8E-05,0.00283643199999976
61.853,58.600,0.251,9E-05,0.00284529099999976
61.953,58.700,0.252,8.8E-05,0.00285413299999977
62.053,58.800,0.253,8.8E-05,0.00286294299999977
62.153,58.900,0.254,8.8E-05,0.00287179699999977
62.253,59.000,0.255,8.9E-05,0.00288068949999978
62.353,59.100,0.256,8.9E-05,0.00288958449999978
62.453,59.200,0.257,9E-05,0.00289848499999979
62.553,59.300,0.258,9E-05,0.00290738999999979
62.653,59.400,0.259,9E-05,0.0029163289999998
62.753,59.500,0.26,8.8E-05,0.0029252659999998
62.853,59.600,0.261,8.9E-05,0.00293417149999981
62.953,59.700,0.262,9E-05,0.00294314299999981
63.053,59.800,0.263,8.9E-05,0.00295210249999981
63.153,59.900,0.264,9E-05,0.00296105699999982
63.253,60.000,0.265,9E-05,0.00297001999999982
63.353,60.100,0.266,9E-05,0.00297898399999982
63.453,60.200,0.267,9.1E-05,0.00298796949999983
63.553,60.300,0.268,8.9E-05,0.00299696049999983
63.653,60.400,0.269,9.1E-05,0.00300598049999983
63.753,60.500,0.27,8.9E-05,0.00301497149999983
63.853,60.600,0.271,9E-05,0.00302398599999984
63.953,60.700,0.272,9.1E-05,0.00303302149999984
64.053,60.800,0.273,9.1E-05,0.00304205949999984
64.153,60.900,0.274,9E-05,0.00305111099999984
64.253,61.000,0.275,9E-05,0.00306016299999984
64.353,61.100,0.276,9E-05,0.00306921499999984
64.453,61.200,0.277,9.1E-05,0.00307828149999984
64.553,61.300,0.278,9E-05,0.00308734199999984
64.653,61.400,0.279,9.2E-05,0.00309643399999984
64.753,61.500,0.28,9.3E-05,0.00310552549999984
64.853,61.600,0.281,9.2E-05,0.00311461799999984
64.953,61.700,0.282,9.1E-05,0.00312370949999983
65.053,61.800,0.283,9.1E-05,0.00313281949999983
65.153,61.900,0.284,9.1E-05,0.00314195649999983
65.253,62.000,0.285,9.2E-05,0.00315109699999983
65.353,62.100,0.286,9.1E-05,0.00316022249999983
65.453,62.200,0.287,9E-05,0.00316937999999983
65.553,62.300,0.288,9.2E-05,0.00317854399999983
65.653,62.400,0.289,9.2E-05,0.00318772299999983
65.753,62.500,0.29,9.1E-05,0.00319690049999983
65.853,62.600,0.291,9.2E-05,0.00320607599999983
65.953,62.700,0.292,9.2E-05,0.00321526299999983
66.053,62.800,0.293,9.3E-05,0.00322445849999983
66.153,62.900,0.294,9.3E-05,0.00323366849999983
66.253,63.000,0.295,9.3E-05,0.00324289549999983
66.353,63.100,0.296,9.2E-05,0.00325214599999982
66.453,63.200,0.297,9.2E-05,0.00326135799999982
66.553,63.300,0.298,9.2E-05,0.00327058799999982
66.653,63.400,0.299,9.2E-05,0.00327987199999982
66.753,63.500,0.3,9.3E-05,0.00328911449999982
66.853,63.600,0.301,9.3E-05,0.00329835149999981
66.953,63.700,0.302,9.1E-05,0.00330760349999981
67.053,63.800,0.303,9.1E-05,0.00331683749999981
67.153,63.900,0.304,9.2E-05,0.00332610899999981
67.253,64.000,0.305,9.4E-05,0.00333537799999981
67.353,64.100,0.306,9.3E-05,0.00334469249999982
67.453,64.200,0.307,9.3E-05,0.00335400549999982
67.553,64.300,0.308,9.3E-05,0.00336331549999982
67.653,64.400,0.309,9.3E-05,0.00337264649999982
67.753,64.500,0.31,9.4E-05,0.00338192799999982
67.853,64.600,0.311,9.2E-05,0.00339121699999983
67.953,64.700,0.312,9.3E-05,0.00340052049999983
68.053,64.800,0.313,9.1E-05,0.00340989249999983
68.153,64.900,0.314,9.3E-05,0.00341925749999983
68.253,65.000,0.315,9.4E-05,0.00342862499999983
68.353,65.100,0.316,9.4E-05,0.00343802499999983
68.453,65.200,0.317,9.3E-05,0.00344739149999983
68.553,65.300,0.318,9.5E-05,0.00345679949999983
68.653,65.400,0.319,9.5E-05,0.00346620949999983
68.753,65.500,0.32,9.5E-05,0.00347565349999982
68.853,65.600,0.321,9.5E-05,0.00348506649999982
68.953,65.700,0.322,9.5E-05,0.00349449749999982
69.053,65.800,0.323,9.5E-05,0.00350388649999982
69.153,65.900,0.324,9.5E-05,0.00351334549999982
69.253,66.000,0.325,9.4E-05,0.00352275899999982
69.353,66.100,0.326,9.4E-05,0.00353224499999982
69.453,66.200,0.327,9.5E-05,0.00354170349999981
69.553,66.300,0.328,9.4E-05,0.00355114299999981
69.653,66.400,0.329,9.5E-05,0.0035606074999998
69.753,66.500,0.33,9.5E-05,0.0035701114999998
69.853,66.600,0.331,9.5E-05,0.0035795734999998
69.953,66.700,0.332,9.5E-05,0.00358907549999979
70.053,66.800,0.333,9.5E-05,0.00359857849999979
70.153,66.900,0.334,9.4E-05,0.00360807599999979
70.253,67.000,0.335,9.6E-05,0.00361756399999978
70.353,67.100,0.336,9.4E-05,0.00362706099999978
70.453,67.200,0.337,9.6E-05,0.00363658399999978
70.553,67.300,0.338,9.6E-05,0.00364614599999978
70.653,67.400,0.339,9.6E-05,0.00365565299999977
70.753,67.500,0.34,9.7E-05,0.00366523149999978
70.853,67.600,0.341,9.6E-05,0.00367480499999977
70.953,67.700,0.342,9.5E-05,0.00368440349999978
71.053,67.800,0.343,9.6E-05,0.00369397699999977
71.153,67.900,0.344,9.6E-05,0.00370358599999978
71.253,68.000,0.345,9.7E-05,0.00371319149999978
71.353,68.100,0.346,9.8E-05,0.00372283099999978
71.453,68.200,0.347,9.4E-05,0.00373246999999979
71.553,68.300,0.348,9.6E-05,0.00374207999999979
71.653,68.400,0.349,9.6E-05,0.0037517089999998
71.753,68.500,0.35,9.6E-05,0.0037613609999998
71.853,68.600,0.351,9.7E-05,0.0037709794999998
71.953,68.700,0.352,9.7E-05,0.00378064849999981
72.053,68.800,0.353,9.6E-05,0.00379028299999981
72.153,68.900,0.354,9.8E-05,0.00379995199999981
72.253,69.000,0.355,9.5E-05,0.00380966749999982
72.353,69.100,0.356,9.7E-05,0.00381937849999982
72.453,69.200,0.357,9.8E-05,0.00382907299999982
72.553,69.300,0.358,9.8E-05,0.00383878099999982
72.653,69.400,0.359,9.7E-05,0.00384847049999983
72.753,69.500,0.36,9.7E-05,0.00385819949999983
72.853,69.600,0.361,9.8E-05,0.00386791099999983
72.953,69.700,0.362,9.8E-05,0.00387764699999984
73.053,69.800,0.363,9.7E-05,0.00388737349999984
73.153,69.900,0.364,9.6E-05,0.00389708999999984
73.253,70.000,0.365,9.7E-05,0.00390686549999985
73.353,70.100,0.366,0.0001,0.00391663999999984
73.453,70.200,0.367,9.9E-05,0.00392642149999983
73.553,70.300,0.368,9.8E-05,0.00393617199999983
73.653,70.400,0.369,9.7E-05,0.00394594949999982
73.753,70.500,0.37,9.8E-05,0.00395573199999982
73.853,70.600,0.371,9.8E-05,0.00396557299999982
73.953,70.700,0.372,9.8E-05,0.00397540599999982
74.053,70.800,0.373,9.8E-05,0.00398520599999982
74.153,70.900,0.374,9.8E-05,0.00399507099999982
74.253,71.000,0.375,9.9E-05,0.00400492149999983
74.353,71.100,0.376,0.0001,0.00401477299999982
74.453,71.200,0.377,9.9E-05,0.00402460549999983
74.553,71.300,0.378,9.8E-05,0.00403442899999982
74.653,71.400,0.379,0.000101,0.00404431849999983
74.753,71.500,0.38,0.0001,0.00405423399999983
74.853,71.600,0.381,9.9E-05,0.00406417049999984
74.953,71.700,0.382,9.9E-05,0.00407407849999985
75.053,71.800,0.383,9.9E-05,0.00408404149999985
75.153,71.900,0.384,9.9E-05,0.00409393949999986
75.253,72.000,0.385,9.8E-05,0.00410387299999986
75.353,72.100,0.386,9.9E-05,0.00411378449999987
75.453,72.200,0.387,0.0001,0.00412369599999987
75.553,72.300,0.388,9.8E-05,0.00413364899999987
75.653,72.400,0.389,0.0001,0.00414360499999988
75.753,72.500,0.39,0.000102,0.00415356799999989
75.853,72.600,0.391,9.9E-05,0.00416355649999989
75.953,72.700,0.392,9.9E-05,0.0041735774999999
76.053,72.800,0.393,0.0001,0.00418352399999991
76.153,72.900,0.394,0.000101,0.00419352049999991
76.253,73.000,0.395,0.0001,0.00420355699999992
76.353,73.100,0.396,0.0001,0.00421356299999992
76.453,73.200,0.397,0.000101,0.00422356649999992
76.553,73.300,0.398,0.000101,0.00423363249999992
76.653,73.400,0.399,0.0001,0.00424368799999992
76.753,73.500,0.4,0.0001,0.00425374599999993
76.853,73.600,0.401,0.000101,0.00426385949999993
76.953,73.700,0.402,0.0001,0.00427390699999993
77.053,73.800,0.403,0.000101,0.00428400349999993
77.153,73.900,0.404,0.000102,0.00429408199999992
77.253,74.000,0.405,0.000102,0.00430415599999992
77.353,74.100,0.406,0.000102,0.00431427799999992
77.453,74.200,0.407,0.0001,0.00432438799999991
77.553,74.300,0.408,0.000101,0.00433451249999991
77.653,74.400,0.409,0.000102,0.00434462299999991
77.753,74.500,0.41,0.000101,0.0043547234999999
77.853,74.600,0.411,0.000102,0.0043648429999999
77.953,74.700,0.412,0.000103,0.0043749654999999
78.053,74.800,0.413,0.0001,0.00438509999999989
78.153,74.900,0.414,0.000102,0.00439526299999988
78.253,75.000,0.415,0.000101,0.00440543149999988
78.353,75.100,0.416,0.000103,0.00441560949999986
78.453,75.200,0.417,0.000103,0.00442582949999985
78.553,75.300,0.418,0.000101,0.00443607249999985
78.653,75.400,0.419,0.000102,0.00444628699999984
78.753,75.500,0.42,0.000103,0.00445649249999983
78.853,75.600,0.421,0.000103,0.00446673549999982
78.953,75.700,0.422,0.000104,0.00447702499999982
79.053,75.800,0.423,0.000103,0.00448725449999981
79.153,75.900,0.424,0.000103,0.0044975204999998
79.253,76.000,0.425,0.000104,0.00450779899999979
79.353,76.100,0.426,0.000102,0.00451806899999978
79.453,76.200,0.427,0.000101,0.00452834549999978
79.553,76.300,0.428,0.000103,0.00453864049999977
79.653,76.400,0.429,0.000103,0.00454895349999977
79.753,76.500,0.43,0.000105,0.00455923749999976
79.853,76.600,0.431,0.000102,0.00456955899999975
79.953,76.700,0.432,0.000104,0.00457987599999975
80.053,76.800,0.433,0.000103,0.00459023749999974
80.153,76.900,0.434,0.000104,0.00460059499999974
80.253,77.000,0.435,0.000103,0.00461095149999975
80.353,77.100,0.436,0.000103,0.00462131849999974
80.453,77.200,0.437,0.000104,0.00463168199999974
80.553,77.300,0.438,0.000104,0.00464208599999974
80.653,77.400,0.439,0.000104,0.00465249599999974
80.753,77.500,0.44,0.000105,0.00466293549999975
80.853,77.600,0.441,0.000105,0.00467334149999975
80.953,77.700,0.442,0.000104,0.00468377499999975
81.053,77.800,0.443,0.000105,0.00469422149999976
81.153,77.900,0.444,0.000103,0.00470464249999975
81.253,78.000,0.445,0.000106,0.00471509599999976
81.353,78.100,0.446,0.000106,0.00472555499999976
81.453,78.200,0.447,0.000105,0.00473600849999976
81.553,78.300,0.448,0.000105,0.00474649149999976
81.653,78.400,0.449,0.000104,0.00475699799999976
81.753,78.500,0.45,0.000105,0.00476751149999977
81.853,78.600,0.451,0.000105,0.00477799049999977
81.953,78.700,0.452,0.000106,0.00478850899999978
82.053,78.800,0.453,0.000106,0.00479904499999978
82.153,78.900,0.454,0.000106,0.00480961399999978
82.253,79.000,0.455,0.000104,0.00482016899999978
82.353,79.100,0.456,0.000105,0.00483072949999979
82.453,79.200,0.457,0.000106,0.00484126399999979
82.553,79.300,0.458,0.000106,0.00485181499999979
82.653,79.400,0.459,0.000105,0.00486242049999979
82.753,79.500,0.46,0.000106,0.0048729859999998
82.853,79.600,0.461,0.000107,0.0048836014999998
82.953,79.700,0.462,0.000105,0.0048941974999998
83.053,79.800,0.463,0.000107,0.00490482949999981
83.153,79.900,0.464,0.000106,0.00491549899999982
83.253,80.000,0.465,0.000108,0.00492616699999983
83.353,80.100,0.466,0.000108,0.00493678099999983
83.453,80.200,0.467,0.000108,0.00494742499999984
83.553,80.300,0.468,0.000106,0.00495808199999984
83.653,80.400,0.469,0.000107,0.00496878449999984
83.753,80.500,0.47,0.000107,0.00497947549999985
83.853,80.600,0.471,0.000108,0.00499018499999987
83.953,80.700,0.472,0.000108,0.00500090199999988
84.053,80.800,0.473,0.000108,0.00501164399999988
84.153,80.900,0.474,0.000107,0.00502242549999988
84.253,81.000,0.475,0.000109,0.00503319449999989
84.353,81.100,0.476,0.000108,0.0050439329999999
84.453,81.200,0.477,0.000108,0.0050547149999999
84.553,81.300,0.478,0.000109,0.0050654834999999
84.653,81.400,0.479,0.000109,0.00507630049999989
84.753,81.500,0.48,0.000108,0.00508712699999989
84.853,81.600,0.481,0.000109,0.0050979474999999
84.953,81.700,0.482,0.000109,0.00510880749999989
85.053,81.800,0.483,0.000108,0.00511967199999989
85.153,81.900,0.484,0.000109,0.00513052649999988
85.253,82.000,0.485,0.000111,0.00514140649999988
85.353,82.100,0.486,0.000109,0.00515227749999988
85.453,82.200,0.487,0.000109,0.00516319549999988
85.553,82.300,0.488,0.00011,0.00517409699999988
85.653,82.400,0.489,0.000109,0.00518503749999987
85.753,82.500,0.49,0.000109,0.00519595749999988
85.853,82.600,0.491,0.000109,0.00520690849999988
85.953,82.700,0.492,0.000109,0.00521782849999988
86.053,82.800,0.493,0.00011,0.00522876899999988
86.153,82.900,0.494,0.000111,0.00523978449999988
86.253,83.000,0.495,0.00011,0.00525073899999989
86.353,83.100,0.496,0.00011,0.00526176299999988
86.453,83.200,0.497,0.00011,0.00527277199999989
86.553,83.300,0.498,0.00011,0.00528378999999989
86.653,83.400,0.499,0.00011,0.00529484899999989
86.753,83.500,0.5,0.000112,0.00530588699999989
86.853,83.600,0.501,0.00011,0.00531696899999989
86.953,83.700,0.502,0.000111,0.00532800449999989
87.053,83.800,0.503,0.000111,0.0053391004999999
87.153,83.900,0.504,0.000112,0.00535020199999989
87.253,84.000,0.505,0.000112,0.00536130299999989
87.353,84.100,0.506,0.000111,0.00537239449999989
87.453,84.200,0.507,0.00011,0.0053835159999999
87.553,84.300,0.508,0.000113,0.00539465249999991
87.653,84.400,0.509,0.000112,0.00540585599999991
87.753,84.500,0.51,0.000112,0.00541702699999992
87.853,84.600,0.511,0.000113,0.00542820049999992
87.953,84.700,0.512,0.000112,0.00543940199999993
88.053,84.800,0.513,0.000112,0.00545066099999993
88.153,84.900,0.514,0.000112,0.00546188299999993
88.253,85.000,0.515,0.000112,0.00547308899999994
88.353,85.100,0.516,0.000111,0.00548428549999995
88.453,85.200,0.517,0.000113,0.00549548649999996
88.553,85.300,0.518,0.000112,0.00550675799999997
88.653,85.400,0.519,0.000112,0.00551803499999996
88.753,85.500,0.52,0.000114,0.00552930599999997
88.853,85.600,0.521,0.000114,0.00554065499999997
88.953,85.700,0.522,0.000115,0.00555202749999997
89.053,85.800,0.523,0.000115,0.00556339749999998
89.153,85.900,0.524,0.000114,0.00557475699999998
89.253,86.000,0.525,0.000114,0.00558614699999998
89.353,86.100,0.526,0.000115,0.00559755049999998
89.453,86.200,0.527,0.000113,0.00560901449999999
89.553,86.300,0.528,0.000113,0.00562039749999999
89.653,86.400,0.529,0.000113,0.00563184049999999
89.753,86.500,0.53,0.000116,0.00564329999999999
89.853,86.600,0.531,0.000116,0.00565476899999999
89.953,86.700,0.532,0.000115,0.00566624049999999
90.053,86.800,0.533,0.000115,0.00567773149999999
90.153,86.900,0.534,0.000117,0.00568921449999999
90.253,87.000,0.535,0.000115,0.00570073249999999
90.353,87.100,0.536,0.000116,0.00571225299999999
90.453,87.200,0.537,0.000116,0.00572380799999999
90.553,87.300,0.538,0.000115,0.00573537649999999
90.653,87.400,0.539,0.000116,0.00574695399999998
90.753,87.500,0.54,0.000115,0.00575853249999998
90.853,87.600,0.541,0.000115,0.00577014249999998
90.953,87.700,0.542,0.000116,0.00578174399999998
91.053,87.800,0.543,0.000116,0.00579336599999997
91.153,87.900,0.544,0.000117,0.00580502649999998
91.253,88.000,0.545,0.000117,0.00581670749999998
91.353,88.100,0.546,0.000117,0.00582839949999999
91.453,88.200,0.547,0.000117,0.00584007849999999
91.553,88.300,0.548,0.000118,0.005851796
91.653,88.400,0.549,0.000117,0.0058635255
91.753,88.500,0.55,0.000118,0.005875263
91.853,88.600,0.551,0.000119,0.0058870295
91.953,88.700,0.552,0.000118,0.00589882400000001
92.053,88.800,0.553,0.00012,0.00591061400000001
92.153,88.900,0.554,0.000118,0.005922438
92.253,89.000,0.555,0.000118,0.00593427300000001
92.353,89.100,0.556,0.000119,0.00594614050000001
92.453,89.200,0.557,0.000118,0.00595798300000001
92.553,89.300,0.558,0.000118,0.005969859
92.653,89.400,0.559,0.00012,0.005981749
92.753,89.500,0.56,0.000119,0.00599369649999999
92.853,89.600,0.561,0.00012,0.00600566299999999
92.953,89.700,0.562,0.000119,0.00601764849999998
93.053,89.800,0.563,0.000121,0.00602962849999998
93.153,89.900,0.564,0.000122,0.00604164399999997
93.253,90.000,0.565,0.000118,0.00605369999999997
93.353,90.100,0.566,0.000123,0.00606574149999996
93.453,90.200,0.567,0.000121,0.00607781549999996
93.553,90.300,0.568,0.000121,0.00608989849999996
93.653,90.400,0.569,0.000121,0.00610195949999995
93.753,90.500,0.57,0.000122,0.00611404999999994
93.853,90.600,0.571,0.000122,0.00612619499999994
93.953,90.700,0.572,0.000122,0.00613837599999994
94.053,90.800,0.573,0.000122,0.00615055799999995
94.153,90.900,0.574,0.000123,0.00616276149999995
94.253,91.000,0.575,0.000121,0.00617498849999995
94.353,91.100,0.576,0.000123,0.00618725049999995
94.453,91.200,0.577,0.000122,0.00619951399999995
94.553,91.300,0.578,0.000123,0.00621183549999995
94.653,91.400,0.579,0.000122,0.00622417999999995
94.753,91.500,0.58,0.000123,0.00623653849999995
94.853,91.600,0.581,0.000124,0.00624890599999995
94.953,91.700,0.582,0.000124,0.00626128199999995
95.053,91.800,0.583,0.000124,0.00627369599999995
95.153,91.900,0.584,0.000125,0.00628613049999995
95.253,92.000,0.585,0.000124,0.00629862599999996
95.353,92.100,0.586,0.000126,0.00631109599999996
95.453,92.200,0.587,0.000126,0.00632365699999996
95.553,92.300,0.588,0.000125,0.00633624549999996
95.653,92.400,0.589,0.000127,0.00634885849999996
95.753,92.500,0.59,0.000126,0.00636146299999996
95.853,92.600,0.591,0.000127,0.00637412649999995
95.953,92.700,0.592,0.000126,0.00638679099999995
96.053,92.800,0.593,0.000127,0.00639946749999994
96.153,92.900,0.594,0.000128,0.00641220199999994
96.253,93.000,0.595,0.000128,0.00642497599999994
96.353,93.100,0.596,0.000129,0.00643777049999993
96.453,93.200,0.597,0.000129,0.00645061649999993
96.553,93.300,0.598,0.000129,0.00646347649999993
96.653,93.400,0.599,0.00013,0.00647633499999993
96.753,93.500,0.6,0.000131,0.00648927049999993
96.853,93.600,0.601,0.000131,0.00650222949999993
96.953,93.700,0.602,0.000131,0.00651518349999993
97.053,93.800,0.603,0.000131,0.00652813449999993
97.153,93.900,0.604,0.000132,0.00654118599999993
97.253,94.000,0.605,0.00013,0.00655423999999993
97.353,94.100,0.606,0.000131,0.00656731949999993
97.453,94.200,0.607,0.000132,0.00658044699999993
97.553,94.300,0.608,0.000134,0.00659356999999993
97.653,94.400,0.609,0.00013,0.00660675999999993
97.753,94.500,0.61,0.000133,0.00662000349999992
97.853,94.600,0.611,0.000133,0.00663327049999991
97.953,94.700,0.612,0.000134,0.00664654499999991
98.053,94.800,0.613,0.000134,0.0066599139999999
98.153,94.900,0.614,0.000134,0.0066733089999999
98.253,95.000,0.615,0.000135,0.0066867574999999
98.353,95.100,0.616,0.000136,0.0067002339999999
98.453,95.200,0.617,0.000136,0.00671376199999989
98.553,95.300,0.618,0.000136,0.00672733099999989
98.653,95.400,0.619,0.000136,0.0067409199999999
98.753,95.500,0.62,0.000135,0.00675447849999989
98.853,95.600,0.621,0.000138,0.0067681829999999
98.953,95.700,0.622,0.000138,0.00678191299999991
99.053,95.800,0.623,0.000138,0.00679568799999992
99.153,95.900,0.624,0.000139,0.00680951249999993
99.253,96.000,0.625,0.000139,0.00682339849999993
99.353,96.100,0.626,0.00014,0.00683730399999993
99.453,96.200,0.627,0.000139,0.00685130249999993
99.553,96.300,0.628,0.000139,0.00686534949999993
99.653,96.400,0.629,0.000139,0.00687940249999992
99.753,96.500,0.63,0.000143,0.00689351749999992
99.853,96.600,0.631,0.000143,0.00690771249999992
99.953,96.700,0.632,0.000143,0.00692194849999993
100.053,96.800,0.633,0.000144,0.00693624899999994
100.153,96.900,0.634,0.000144,0.00695059399999994
100.253,97.000,0.635,0.000147,0.00696499949999995
100.353,97.100,0.636,0.000145,0.00697949549999994
100.453,97.200,0.637,0.000146,0.00699401099999993
100.553,97.300,0.638,0.000145,0.00700863649999993
100.653,97.400,0.639,0.000146,0.00702326199999992
100.753,97.500,0.64,0.000147,0.00703797749999993
100.853,97.600,0.641,0.000148,0.00705277599999994
100.953,97.700,0.642,0.000149,0.00706765049999994
101.053,97.800,0.643,0.00015,0.00708256199999994
101.153,97.900,0.644,0.00015,0.00709756399999994
101.253,98.000,0.645,0.000151,0.00711266649999993
101.353,98.100,0.646,0.000153,0.00712778949999993
101.453,98.200,0.647,0.000152,0.00714301999999992
101.553,98.300,0.648,0.000154,0.00715829999999993
101.653,98.400,0.649,0.000155,0.00717365449999993
101.753,98.500,0.65,0.000155,0.00718916349999993
101.853,98.600,0.651,0.000154,0.00720470599999994
101.953,98.700,0.652,0.000158,0.00722035199999994
102.053,98.800,0.653,0.000158,0.00723607299999994
102.153,98.900,0.654,0.000159,0.00725187249999994
102.253,99.000,0.655,0.00016,0.00726775999999994
102.353,99.100,0.656,0.00016,0.00728374799999994
102.453,99.200,0.657,0.000161,0.00729982449999994
102.553,99.300,0.658,0.000163,0.00731600649999995
102.653,99.400,0.659,0.000163,0.00733231049999995
102.753,99.500,0.66,0.000163,0.00734868149999995
102.853,99.600,0.661,0.000166,0.00736518099999995
102.953,99.700,0.662,0.000166,0.00738180799999996
103.053,99.800,0.663,0.000167,0.00739850849999997
103.153,99.900,0.664,0.000169,0.00741535549999996
103.253,100.000,0.665,0.000171,0.00743234349999996
103.353,100.100,0.666,0.000171,0.00744943049999996
103.453,100.200,0.667,0.000172,0.00746662999999997
103.553,100.300,0.668,0.000174,0.00748398999999998
103.653,100.400,0.669,0.000176,0.00750147199999997
103.753,100.500,0.67,0.000177,0.00751907949999997
103.853,100.600,0.671,0.000177,0.00753682049999997
103.953,100.700,0.672,0.000179,0.00755469849999996
104.053,100.800,0.673,0.000181,0.00757277649999997
104.153,100.900,0.674,0.000182,0.00759101999999996
104.253,101.000,0.675,0.000186,0.00760936899999995
104.353,101.100,0.676,0.000186,0.00762794099999996
104.453,101.200,0.677,0.000188,0.00764667799999996
104.553,101.300,0.678,0.00019,0.00766561099999997
104.653,101.400,0.679,0.000192,0.00768471699999996
104.753,101.500,0.68,0.000194,0.00770400399999996
104.853,101.600,0.681,0.000197,0.00772344449999996
104.953,101.700,0.682,0.000198,0.00774314499999996
105.053,101.800,0.683,0.0002,0.00776307699999996
105.153,101.900,0.684,0.000201,0.00778315649999996
105.253,102.000,0.685,0.000204,0.00780349299999997
105.353,102.100,0.686,0.000206,0.00782400899999997
105.453,102.200,0.687,0.000208,0.00784473199999997
105.553,102.300,0.688,0.000211,0.00786567749999997
105.653,102.400,0.689,0.000214,0.00788687299999999
105.753,102.500,0.69,0.000214,0.00790828199999999
105.853,102.600,0.691,0.000218,0.00792993899999999
105.953,102.700,0.692,0.000219,0.00795184049999999
106.053,102.800,0.693,0.000224,0.007974007
106.153,102.900,0.694,0.000226,0.007996452
106.253,103.000,0.695,0.000228,0.00801915600000001
106.353,103.100,0.696,0.00023,0.00804213400000001
106.453,103.200,0.697,0.000233,0.0080653675
106.553,103.300,0.698,0.000238,0.00808891700000001
106.653,103.400,0.699,0.00024,0.00811279000000001
106.753,103.500,0.7,0.000243,0.00813696850000001
106.853,103.600,0.701,0.000248,0.00816145100000002
106.953,103.700,0.702,0.000251,0.00818632450000001
107.053,103.800,0.703,0.000253,0.0082115455
107.153,103.900,0.704,0.000257,0.00823706350000001
107.253,104.000,0.705,0.00026,0.00826294600000001
107.353,104.100,0.706,0.000266,0.00828919000000002
107.453,104.200,0.707,0.000268,0.00831579799999999
107.553,104.300,0.708,0.000271,0.0083428315
107.653,104.400,0.709,0.000276,0.00837023899999999
107.753,104.500,0.71,0.000279,0.00839803049999999
107.853,104.600,0.711,0.000284,0.00842621899999998
107.953,104.700,0.712,0.000287,0.00845486549999998
108.053,104.800,0.713,0.000292,0.00848394699999998
108.153,104.900,0.714,0.000298,0.00851348499999998
108.253,105.000,0.715,0.000304,0.00854353499999999
108.353,105.100,0.716,0.00031,0.00857402999999998
108.453,105.200,0.717,0.000314,0.00860505999999999
108.553,105.300,0.718,0.000316,0.00863658699999999
108.653,105.400,0.719,0.000321,0.00866864649999999
108.753,105.500,0.72,0.000329,0.00870122450000001
108.853,105.600,0.721,0.000333,0.0087343375
108.953,105.700,0.722,0.00034,0.00876802699999999
109.053,105.800,0.723,0.000347,0.0088023195
109.153,105.900,0.724,0.000352,0.00883713899999999
109.253,106.000,0.725,0.000358,0.00887263199999999
109.353,106.100,0.726,0.000362,0.008908687
109.453,106.200,0.727,0.00037,0.00894541400000001
109.553,106.300,0.728,0.000377,0.00898281850000001
109.653,106.400,0.729,0.000385,0.0090208955
109.753,106.500,0.73,0.000392,0.009059666
109.853,106.600,0.731,0.000398,0.009099148
109.953,106.700,0.732,0.000406,0.00913930499999999
110.053,106.800,0.733,0.000412,0.009180213
110.153,106.900,0.734,0.00042,0.009221846
110.253,107.000,0.735,0.000427,0.0092642355
110.353,107.100,0.736,0.000436,0.009307413
110.453,107.200,0.737,0.000442,0.00935139999999999
110.553,107.300,0.738,0.000452,0.00939620599999999
110.653,107.400,0.739,0.00046,0.00944180099999999
110.753,107.500,0.74,0.000469,0.00948824649999998
110.853,107.600,0.741,0.000475,0.00953551849999998
110.953,107.700,0.742,0.000484,0.00958364899999997
111.053,107.800,0.743,0.000495,0.00963266949999997
111.153,107.900,0.744,0.000502,0.00968263099999996
111.253,108.000,0.745,0.000513,0.00973349349999996
111.353,108.100,0.746,0.000523,0.00978530149999996
111.453,108.200,0.747,0.000532,0.00983809399999996
111.553,108.300,0.748,0.000542,0.00989185999999996
111.653,108.400,0.749,0.000553,0.00994665449999995
111.753,108.500,0.75,0.000564,0.0100024519999999
111.853,108.600,0.751,0.000571,0.0100592984999999
111.953,108.700,0.752,0.000585,0.0101172284999999
112.053,108.800,0.753,0.000595,0.0101762725
112.153,108.900,0.754,0.000607,0.0102363884999999
112.253,109.000,0.755,0.000618,0.0102976279999999
112.353,109.100,0.756,0.000629,0.0103600384999999
112.453,109.200,0.757,0.00064,0.0104235589999999
112.553,109.300,0.758,0.000652,0.0104882919999999
112.653,109.400,0.759,0.000666,0.0105542009999999
112.753,109.500,0.76,0.000677,0.0106213334999999
112.853,109.600,0.761,0.000689,0.0106896634999999
112.953,109.700,0.762,0.0007,0.0107592399999999
113.053,109.800,0.763,0.000715,0.0108301314999999
113.153,109.900,0.764,0.000728,0.0109023169999999
113.253,110.000,0.765,0.000742,0.0109758579999999
113.353,110.100,0.766,0.000754,0.0110506579999999
113.453,110.200,0.767,0.000769,0.0111268804999999
113.553,110.300,0.768,0.000783,0.0112045234999999
113.653,110.400,0.769,0.000796,0.0112835489999999
113.753,110.500,0.77,0.00081,0.0113639429999999
113.853,110.600,0.771,0.000826,0.0114457789999999
113.953,110.700,0.772,0.00084,0.0115290889999999
114.053,110.800,0.773,0.000855,0.0116139065
114.153,110.900,0.774,0.00087,0.0117002019999999
114.253,111.000,0.775,0.000885,0.0117880165
114.353,111.100,0.776,0.0009,0.011877405
114.453,111.200,0.777,0.000916,0.0119683149999999
114.553,111.300,0.778,0.000931,0.0120607975
114.653,111.400,0.779,0.000948,0.012154886
114.753,111.500,0.78,0.000966,0.0122506299999999
114.853,111.600,0.781,0.000983,0.0123480514999999
114.953,111.700,0.782,0.000997,0.0124471394999999
115.053,111.800,0.783,0.001014,0.0125478959999999
115.153,111.900,0.784,0.001033,0.0126503614999999
115.253,112.000,0.785,0.001048,0.0127545259999999
115.353,112.100,0.786,0.001067,0.0128604364999999
115.453,112.200,0.787,0.001087,0.0129680834999999
115.553,112.300,0.788,0.001104,0.0130774849999999
115.653,112.400,0.789,0.00112,0.0131887049999999
115.753,112.500,0.79,0.001139,0.0133017064999999
115.853,112.600,0.791,0.001159,0.0134166744999999
115.953,112.700,0.792,0.001176,0.0135334549999999
116.053,112.800,0.793,0.001195,0.0136521774999999
116.153,112.900,0.794,0.001215,0.0137727964999999
116.253,113.000,0.795,0.001234,0.013895322
116.353,113.100,0.796,0.001253,0.0140197604999999
116.453,113.200,0.797,0.001273,0.0141462014999999
116.553,113.300,0.798,0.001292,0.014274543
116.653,113.400,0.799,0.001312,0.0144048679999999
116.753,113.500,0.8,0.001332,0.014537214
