出力日時,2021/06/21 14:01:43
データソース,hematite_95_S2-1-1_LSV
表示対象ノード,Root\ECstat-301\LSV
Time(s),NodeTime(s),OutputVoltage(V),Current(A),Capacity(C)
3.337,0.100,-0.371,2E-06,2.18E-07
3.437,0.200,-0.37,2E-06,4.28E-07
3.537,0.300,-0.369,2E-06,6.39E-07
3.637,0.400,-0.368,2E-06,8.50000000000001E-07
3.737,0.500,-0.367,2E-06,1.107E-06
3.837,0.600,-0.366,3E-06,1.3575E-06
3.937,0.700,-0.365,2E-06,1.638E-06
4.037,0.800,-0.364,3E-06,1.9145E-06
4.137,0.900,-0.363,3E-06,2.2035E-06
4.237,1.000,-0.362,3E-06,2.51149999999999E-06
4.337,1.100,-0.361,3E-06,2.76449999999999E-06
4.437,1.200,-0.36,2E-06,3.06999999999999E-06
4.537,1.300,-0.359,3E-06,3.34549999999998E-06
4.637,1.400,-0.358,4E-06,3.63899999999998E-06
4.737,1.500,-0.357,2E-06,3.94099999999998E-06
4.837,1.600,-0.356,2E-06,4.21199999999998E-06
4.937,1.700,-0.355,4E-06,4.55599999999999E-06
5.037,1.800,-0.354,2E-06,4.90099999999999E-06
5.137,1.900,-0.353,3E-06,5.25849999999999E-06
5.237,2.000,-0.352,3E-06,5.60049999999999E-06
5.337,2.100,-0.351,3E-06,5.95049999999998E-06
5.437,2.200,-0.35,3E-06,6.30549999999997E-06
5.537,2.300,-0.349,3E-06,6.66549999999997E-06
5.637,2.400,-0.348,2E-06,7.04299999999996E-06
5.737,2.500,-0.347,3E-06,7.44949999999996E-06
5.837,2.600,-0.346,5E-06,7.85149999999996E-06
5.937,2.700,-0.345,4E-06,8.30599999999998E-06
6.037,2.800,-0.344,3E-06,8.7385E-06
6.137,2.900,-0.343,4E-06,9.14700000000003E-06
6.237,3.000,-0.342,5E-06,9.54550000000006E-06
6.337,3.100,-0.341,5E-06,9.94550000000008E-06
6.437,3.200,-0.34,5E-06,1.03695000000001E-05
6.537,3.300,-0.339,5E-06,1.08035000000001E-05
6.637,3.400,-0.338,4E-06,1.12230000000002E-05
6.737,3.500,-0.337,3E-06,1.16235000000002E-05
6.837,3.600,-0.336,4E-06,1.20830000000002E-05
6.937,3.700,-0.335,4E-06,1.25080000000003E-05
7.037,3.800,-0.334,4E-06,1.29500000000003E-05
7.137,3.900,-0.333,4E-06,1.34320000000003E-05
7.237,4.000,-0.332,5E-06,1.39085000000003E-05
7.337,4.100,-0.331,5E-06,1.43865000000003E-05
7.437,4.200,-0.33,6E-06,1.48660000000004E-05
7.537,4.300,-0.329,4E-06,1.53570000000004E-05
7.637,4.400,-0.328,6E-06,1.58630000000004E-05
7.737,4.500,-0.327,6E-06,1.63740000000004E-05
7.837,4.600,-0.326,6E-06,1.68780000000004E-05
7.937,4.700,-0.325,6E-06,1.74100000000004E-05
8.037,4.800,-0.324,4E-06,1.79200000000004E-05
8.137,4.900,-0.323,5E-06,1.84785000000004E-05
8.237,5.000,-0.322,4E-06,1.90290000000004E-05
8.337,5.100,-0.321,6E-06,1.95810000000004E-05
8.437,5.200,-0.32,5E-06,2.01185000000004E-05
8.537,5.300,-0.319,5E-06,2.06945000000004E-05
8.637,5.400,-0.318,6E-06,2.12680000000004E-05
8.737,5.500,-0.317,5E-06,2.18605000000004E-05
8.837,5.600,-0.316,5E-06,2.24365000000004E-05
8.937,5.700,-0.315,4E-06,2.30490000000004E-05
9.037,5.800,-0.314,4E-06,2.35960000000004E-05
9.137,5.900,-0.313,5E-06,2.41495000000004E-05
9.237,6.000,-0.312,6E-06,2.47450000000004E-05
9.337,6.100,-0.311,6E-06,2.53250000000005E-05
9.437,6.200,-0.31,5E-06,2.59125000000004E-05
9.537,6.300,-0.309,5E-06,2.65295000000005E-05
9.637,6.400,-0.308,5E-06,2.71585000000005E-05
9.737,6.500,-0.307,8E-06,2.77670000000005E-05
9.837,6.600,-0.306,7E-06,2.83755000000005E-05
9.937,6.700,-0.305,6E-06,2.90170000000005E-05
10.037,6.800,-0.304,7E-06,2.96495000000005E-05
10.137,6.900,-0.303,7E-06,3.03015000000005E-05
10.237,7.000,-0.302,9E-06,3.09755000000005E-05
10.337,7.100,-0.301,8E-06,3.16230000000004E-05
10.437,7.200,-0.3,6E-06,3.22930000000004E-05
10.537,7.300,-0.299,6E-06,3.29620000000004E-05
10.637,7.400,-0.298,7E-06,3.36465000000004E-05
10.737,7.500,-0.297,8E-06,3.43610000000004E-05
10.837,7.600,-0.296,6E-06,3.50390000000004E-05
10.937,7.700,-0.295,7E-06,3.57565000000004E-05
11.037,7.800,-0.294,6E-06,3.65020000000004E-05
11.137,7.900,-0.293,7E-06,3.72315000000004E-05
11.237,8.000,-0.292,8E-06,3.79710000000004E-05
11.337,8.100,-0.291,7E-06,3.86885000000004E-05
11.437,8.200,-0.29,8E-06,3.94350000000004E-05
11.537,8.300,-0.289,5E-06,4.01625000000005E-05
11.637,8.400,-0.288,9E-06,4.09085000000005E-05
11.737,8.500,-0.287,8E-06,4.16830000000005E-05
11.837,8.600,-0.286,9E-06,4.24305000000005E-05
11.937,8.700,-0.285,7E-06,4.31975000000006E-05
12.037,8.800,-0.284,8E-06,4.39560000000006E-05
12.137,8.900,-0.283,8E-06,4.47050000000006E-05
12.237,9.000,-0.282,8E-06,4.54900000000007E-05
12.337,9.100,-0.281,7E-06,4.62615000000007E-05
12.437,9.200,-0.28,9E-06,4.70695000000008E-05
12.537,9.300,-0.279,8E-06,4.78690000000008E-05
12.637,9.400,-0.278,8E-06,4.86940000000008E-05
12.737,9.500,-0.277,9E-06,4.95255000000009E-05
12.837,9.600,-0.276,9E-06,5.03685000000009E-05
12.937,9.700,-0.275,1E-05,5.1233000000001E-05
13.037,9.800,-0.274,1E-05,5.2113000000001E-05
13.137,9.900,-0.273,9E-06,5.2989500000001E-05
13.237,10.000,-0.272,9E-06,5.39015000000011E-05
13.337,10.100,-0.271,1E-05,5.48110000000011E-05
13.437,10.200,-0.27,8E-06,5.57330000000011E-05
13.537,10.300,-0.269,8E-06,5.66740000000012E-05
13.637,10.400,-0.268,7E-06,5.75765000000012E-05
13.737,10.500,-0.267,1E-05,5.85200000000012E-05
13.837,10.600,-0.266,8E-06,5.94500000000012E-05
13.937,10.700,-0.265,9E-06,6.03805000000013E-05
14.037,10.800,-0.264,1.1E-05,6.13215000000012E-05
14.137,10.900,-0.263,9E-06,6.22945000000012E-05
14.237,11.000,-0.262,9E-06,6.32325000000011E-05
14.337,11.100,-0.261,1E-05,6.4184000000001E-05
14.437,11.200,-0.26,1E-05,6.51470000000009E-05
14.537,11.300,-0.259,1E-05,6.61610000000009E-05
14.637,11.400,-0.258,1E-05,6.71930000000009E-05
14.737,11.500,-0.257,1.1E-05,6.82055000000009E-05
14.837,11.600,-0.256,1E-05,6.92590000000009E-05
14.937,11.700,-0.255,1E-05,7.02610000000008E-05
15.037,11.800,-0.254,1.1E-05,7.13275000000009E-05
15.137,11.900,-0.253,1.1E-05,7.23995000000009E-05
15.237,12.000,-0.252,1E-05,7.34880000000009E-05
15.337,12.100,-0.251,1.2E-05,7.46050000000009E-05
15.437,12.200,-0.25,1.1E-05,7.5747500000001E-05
15.537,12.300,-0.249,1.1E-05,7.68825000000011E-05
15.637,12.400,-0.248,1E-05,7.80280000000012E-05
15.737,12.500,-0.247,1.1E-05,7.91715000000014E-05
15.837,12.600,-0.246,1.1E-05,8.03415000000014E-05
15.937,12.700,-0.245,1.2E-05,8.15190000000015E-05
16.037,12.800,-0.244,1.2E-05,8.27290000000016E-05
16.137,12.900,-0.243,1.2E-05,8.39290000000017E-05
16.237,13.000,-0.242,1E-05,8.51730000000018E-05
16.337,13.100,-0.241,1.1E-05,8.63895000000018E-05
16.437,13.200,-0.24,1.3E-05,8.76245000000017E-05
16.537,13.300,-0.239,1.3E-05,8.88785000000016E-05
16.637,13.400,-0.238,1.3E-05,9.01855000000015E-05
16.737,13.500,-0.237,1.3E-05,9.14855000000014E-05
16.837,13.600,-0.236,1.3E-05,9.27735000000013E-05
16.937,13.700,-0.235,1.4E-05,9.41160000000013E-05
17.037,13.800,-0.234,1.4E-05,9.55020000000012E-05
17.137,13.900,-0.233,1.4E-05,9.68610000000012E-05
17.237,14.000,-0.232,1.4E-05,9.82590000000011E-05
17.337,14.100,-0.231,1.4E-05,9.96750000000011E-05
17.437,14.200,-0.23,1.3E-05,0.000101087500000001
17.537,14.300,-0.229,1.4E-05,0.000102521000000001
17.637,14.400,-0.228,1.4E-05,0.000104013000000001
17.737,14.500,-0.227,1.6E-05,0.000105476000000001
17.837,14.600,-0.226,1.4E-05,0.000106968000000001
17.937,14.700,-0.225,1.4E-05,0.000108501000000001
18.037,14.800,-0.224,1.5E-05,0.000110029500000001
18.137,14.900,-0.223,1.7E-05,0.000111607500000001
18.237,15.000,-0.222,1.5E-05,0.000113222500000002
18.337,15.100,-0.221,1.6E-05,0.000114798000000002
18.437,15.200,-0.22,1.7E-05,0.000116442500000002
18.537,15.300,-0.219,1.8E-05,0.000118090000000002
18.637,15.400,-0.218,1.7E-05,0.000119768500000002
18.737,15.500,-0.217,1.6E-05,0.000121446000000002
18.837,15.600,-0.216,1.7E-05,0.000123129500000002
18.937,15.700,-0.215,1.7E-05,0.000124857500000002
19.037,15.800,-0.214,1.9E-05,0.000126618500000002
19.137,15.900,-0.213,1.8E-05,0.000128417000000002
19.237,16.000,-0.212,1.8E-05,0.000130227000000002
19.337,16.100,-0.211,1.7E-05,0.000132035500000002
19.437,16.200,-0.21,1.9E-05,0.000133852500000002
19.537,16.300,-0.209,1.8E-05,0.000135720000000002
19.637,16.400,-0.208,1.8E-05,0.000137649000000002
19.737,16.500,-0.207,2E-05,0.000139578000000002
19.837,16.600,-0.206,2E-05,0.000141546000000002
19.937,16.700,-0.205,1.9E-05,0.000143521500000002
20.037,16.800,-0.204,2.1E-05,0.000145504500000002
20.137,16.900,-0.203,2.1E-05,0.000147540500000002
20.237,17.000,-0.202,2.1E-05,0.000149595500000002
20.337,17.100,-0.201,2.1E-05,0.000151676500000002
20.437,17.200,-0.2,2.2E-05,0.000153804000000002
20.537,17.300,-0.199,1.9E-05,0.000155969500000002
20.637,17.400,-0.198,2.2E-05,0.000158127000000001
20.737,17.500,-0.197,2.2E-05,0.000160311000000001
20.837,17.600,-0.196,2.2E-05,0.000162547000000002
20.937,17.700,-0.195,2.2E-05,0.000164861000000002
21.037,17.800,-0.194,2.4E-05,0.000167176000000002
21.137,17.900,-0.193,2.5E-05,0.000169523500000002
21.237,18.000,-0.192,2.5E-05,0.000171868500000002
21.337,18.100,-0.191,2.6E-05,0.000174311000000002
21.437,18.200,-0.19,2.5E-05,0.000176731500000002
21.537,18.300,-0.189,2.5E-05,0.000179209500000002
21.637,18.400,-0.188,2.6E-05,0.000181700000000002
21.737,18.500,-0.187,2.6E-05,0.000184262000000002
21.837,18.600,-0.186,2.6E-05,0.000186796000000002
21.937,18.700,-0.185,2.6E-05,0.000189440000000003
22.037,18.800,-0.184,2.7E-05,0.000192097500000003
22.137,18.900,-0.183,2.7E-05,0.000194740500000003
22.237,19.000,-0.182,2.7E-05,0.000197428500000003
22.337,19.100,-0.181,2.9E-05,0.000200190500000003
22.437,19.200,-0.18,2.7E-05,0.000203010500000003
22.537,19.300,-0.179,2.8E-05,0.000205841000000003
22.637,19.400,-0.178,2.9E-05,0.000208662500000003
22.737,19.500,-0.177,2.9E-05,0.000211533500000003
22.837,19.600,-0.176,3.1E-05,0.000214462500000003
22.937,19.700,-0.175,2.9E-05,0.000217433500000002
23.037,19.800,-0.174,3.1E-05,0.000220403500000002
23.137,19.900,-0.173,2.9E-05,0.000223486500000002
23.237,20.000,-0.172,3.1E-05,0.000226555500000002
23.337,20.100,-0.171,3.1E-05,0.000229651500000001
23.437,20.200,-0.17,3.3E-05,0.000232795500000001
23.537,20.300,-0.169,3.3E-05,0.000236020500000001
23.637,20.400,-0.168,3.2E-05,0.000239266000000001
23.737,20.500,-0.167,3.3E-05,0.000242523500000001
23.837,20.600,-0.166,3.4E-05,0.000245855000000001
23.937,20.700,-0.165,3.4E-05,0.000249201000000001
24.037,20.800,-0.164,3.4E-05,0.000252591000000001
24.137,20.900,-0.163,3.3E-05,0.000256038500000002
24.237,21.000,-0.162,3.6E-05,0.000259517000000002
24.337,21.100,-0.161,3.6E-05,0.000263066000000001
24.437,21.200,-0.16,3.6E-05,0.000266611000000001
24.537,21.300,-0.159,3.6E-05,0.000270192
24.637,21.400,-0.158,3.7E-05,0.000273801499999999
24.737,21.500,-0.157,3.8E-05,0.000277469999999999
24.837,21.600,-0.156,3.7E-05,0.000281184499999999
24.937,21.700,-0.155,3.9E-05,0.000284962499999999
25.037,21.800,-0.154,3.8E-05,0.000288758999999999
25.137,21.900,-0.153,3.8E-05,0.000292603
25.237,22.000,-0.152,3.9E-05,0.0002965095
25.337,22.100,-0.151,3.8E-05,0.00030046
25.437,22.200,-0.15,4E-05,0.000304431
25.537,22.300,-0.149,4.2E-05,0.000308475
25.637,22.400,-0.148,4.2E-05,0.000312565999999999
25.737,22.500,-0.147,4.2E-05,0.000316715999999999
25.837,22.600,-0.146,4.2E-05,0.000320884
25.937,22.700,-0.145,4.4E-05,0.000325133999999999
26.037,22.800,-0.144,4.2E-05,0.000329387
26.137,22.900,-0.143,4.3E-05,0.000333688499999999
26.237,23.000,-0.142,4.4E-05,0.000338061999999998
26.337,23.100,-0.141,4.3E-05,0.000342469499999997
26.437,23.200,-0.14,4.5E-05,0.000346895499999996
26.537,23.300,-0.139,4.5E-05,0.000351426499999996
26.637,23.400,-0.138,4.6E-05,0.000355983999999997
26.737,23.500,-0.137,4.6E-05,0.000360591999999997
26.837,23.600,-0.136,4.6E-05,0.000365206999999998
26.937,23.700,-0.135,4.8E-05,0.000369893999999998
27.037,23.800,-0.134,4.6E-05,0.000374642999999997
27.137,23.900,-0.133,4.8E-05,0.000379407999999996
27.237,24.000,-0.132,4.9E-05,0.000384260499999996
27.337,24.100,-0.131,4.8E-05,0.000389144999999996
27.437,24.200,-0.13,4.9E-05,0.000394101499999997
27.537,24.300,-0.129,5E-05,0.000399082999999997
27.637,24.400,-0.128,5.1E-05,0.000404092499999997
27.737,24.500,-0.127,5.2E-05,0.000409187999999996
27.837,24.600,-0.126,5.1E-05,0.000414318499999996
27.937,24.700,-0.125,5.2E-05,0.000419497999999996
28.037,24.800,-0.124,5.3E-05,0.000424725499999995
28.137,24.900,-0.123,5.4E-05,0.000430019999999996
28.237,25.000,-0.122,5.4E-05,0.000435338999999997
28.337,25.100,-0.121,5.5E-05,0.000440725499999997
28.437,25.200,-0.12,5.4E-05,0.000446162999999997
28.537,25.300,-0.119,5.4E-05,0.000451650999999997
28.637,25.400,-0.118,5.5E-05,0.000457191499999997
28.737,25.500,-0.117,5.6E-05,0.000462764999999997
28.837,25.600,-0.116,5.6E-05,0.000468400999999996
28.937,25.700,-0.115,5.6E-05,0.000474087999999997
29.037,25.800,-0.114,5.8E-05,0.000479822999999997
29.137,25.900,-0.113,5.9E-05,0.000485626499999996
29.237,26.000,-0.112,5.8E-05,0.000491467999999996
29.337,26.100,-0.111,6E-05,0.000497341999999995
29.437,26.200,-0.11,6E-05,0.000503276999999995
29.537,26.300,-0.109,5.9E-05,0.000509269499999995
29.637,26.400,-0.108,5.9E-05,0.000515292499999995
29.737,26.500,-0.107,6.1E-05,0.000521416499999996
29.837,26.600,-0.106,6.2E-05,0.000527586999999997
29.937,26.700,-0.105,6.2E-05,0.000533812999999998
30.037,26.800,-0.104,6.4E-05,0.000540079999999999
30.137,26.900,-0.103,6.2E-05,0.000546383
30.237,27.000,-0.102,6.4E-05,0.000552780999999998
30.337,27.100,-0.101,6.4E-05,0.000559200999999997
30.437,27.200,-0.1,6.5E-05,0.000565686499999995
30.537,27.300,-0.099,6.6E-05,0.000572159999999993
30.637,27.400,-0.098,6.6E-05,0.000578757999999993
30.737,27.500,-0.097,6.7E-05,0.000585368499999992
30.837,27.600,-0.096,6.8E-05,0.000592094999999992
30.937,27.700,-0.095,6.7E-05,0.000598838499999992
31.037,27.800,-0.094,7E-05,0.000605687999999993
31.137,27.900,-0.093,6.9E-05,0.000612559499999993
31.237,28.000,-0.092,6.9E-05,0.000619465499999993
31.337,28.100,-0.091,7E-05,0.000626463999999993
31.437,28.200,-0.09,7.1E-05,0.000633501499999993
31.537,28.300,-0.089,7.2E-05,0.000640599999999992
31.637,28.400,-0.088,7.3E-05,0.000647756499999991
31.737,28.500,-0.087,7.2E-05,0.00065496299999999
31.837,28.600,-0.086,7.3E-05,0.000662210499999988
31.937,28.700,-0.085,7.4E-05,0.000669506999999987
32.037,28.800,-0.084,7.5E-05,0.000676885499999988
32.137,28.900,-0.083,7.4E-05,0.000684295999999988
32.237,29.000,-0.082,7.5E-05,0.000691759499999988
32.337,29.100,-0.081,7.6E-05,0.000699244999999988
32.437,29.200,-0.08,7.5E-05,0.000706807499999987
32.537,29.300,-0.079,7.7E-05,0.000714414499999987
32.637,29.400,-0.078,7.8E-05,0.000722089999999987
32.737,29.500,-0.077,7.8E-05,0.000729799999999989
32.837,29.600,-0.076,7.7E-05,0.00073757649999999
32.937,29.700,-0.075,8E-05,0.000745415999999991
33.037,29.800,-0.074,8E-05,0.00075329099999999
33.137,29.900,-0.073,8E-05,0.000761226999999989
33.237,30.000,-0.072,8E-05,0.000769197999999989
33.337,30.100,-0.071,8.1E-05,0.000777240499999987
33.437,30.200,-0.07,7.9E-05,0.000785293499999987
33.537,30.300,-0.069,8.3E-05,0.000793444499999985
33.637,30.400,-0.068,8.3E-05,0.000801615499999985
33.737,30.500,-0.067,8.3E-05,0.000809813499999984
33.837,30.600,-0.066,8.2E-05,0.000818092999999984
33.937,30.700,-0.065,8.2E-05,0.000826426999999984
34.037,30.800,-0.064,8.4E-05,0.000834787999999985
34.137,30.900,-0.063,8.5E-05,0.000843182499999985
34.237,31.000,-0.062,8.5E-05,0.000851655499999987
34.337,31.100,-0.061,8.6E-05,0.000860147999999987
34.437,31.200,-0.06,8.6E-05,0.000868772999999984
34.537,31.300,-0.059,8.7E-05,0.000877378499999983
34.637,31.400,-0.058,8.6E-05,0.000886038999999981
34.737,31.500,-0.057,8.7E-05,0.000894754499999978
34.837,31.600,-0.056,8.8E-05,0.000903524999999976
34.937,31.700,-0.055,8.8E-05,0.000912331999999975
35.037,31.800,-0.054,8.9E-05,0.000921171499999975
35.137,31.900,-0.053,8.9E-05,0.000930101499999975
35.237,32.000,-0.052,8.9E-05,0.000939087499999975
35.337,32.100,-0.051,9.1E-05,0.000948090499999975
35.437,32.200,-0.05,9.1E-05,0.000957185499999975
35.537,32.300,-0.049,9.2E-05,0.000966275999999975
35.637,32.400,-0.048,9.1E-05,0.000975387499999976
35.737,32.500,-0.047,9.1E-05,0.000984531499999975
35.837,32.600,-0.046,9.2E-05,0.000993742999999976
35.937,32.700,-0.045,9.3E-05,0.00100301549999998
36.037,32.800,-0.044,9.4E-05,0.00101236699999998
36.137,32.900,-0.043,9.5E-05,0.00102173949999998
36.237,33.000,-0.042,9.5E-05,0.00103120049999998
36.337,33.100,-0.041,9.5E-05,0.00104071449999998
36.437,33.200,-0.04,9.5E-05,0.00105023449999999
36.537,33.300,-0.039,9.8E-05,0.00105981399999999
36.637,33.400,-0.038,9.6E-05,0.00106947399999999
36.737,33.500,-0.037,9.7E-05,0.00107918149999999
36.837,33.600,-0.036,9.9E-05,0.00108889849999999
36.937,33.700,-0.035,9.8E-05,0.00109869199999998
37.037,33.800,-0.034,9.8E-05,0.00110849299999998
37.137,33.900,-0.033,9.8E-05,0.00111834999999998
37.237,34.000,-0.032,0.000101,0.00112820549999998
37.337,34.100,-0.031,0.000101,0.00113815249999998
37.437,34.200,-0.03,0.0001,0.00114813799999998
37.537,34.300,-0.029,0.0001,0.00115815799999998
37.637,34.400,-0.028,0.000101,0.00116827249999998
37.737,34.500,-0.027,0.000102,0.00117841799999997
37.837,34.600,-0.026,0.000104,0.00118863899999997
37.937,34.700,-0.025,0.000103,0.00119886649999997
38.037,34.800,-0.024,0.000103,0.00120918349999997
38.137,34.900,-0.023,0.000104,0.00121953199999997
38.237,35.000,-0.022,0.000103,0.00122990549999997
38.337,35.100,-0.021,0.000105,0.00124030249999997
38.437,35.200,-0.02,0.000106,0.00125071399999997
38.537,35.300,-0.019,0.000106,0.00126123599999997
38.637,35.400,-0.018,0.000105,0.00127175049999997
38.737,35.500,-0.017,0.000106,0.00128235199999997
38.837,35.600,-0.016,0.000106,0.00129300399999997
38.937,35.700,-0.015,0.000105,0.00130370149999997
39.037,35.800,-0.014,0.000107,0.00131443749999998
39.137,35.900,-0.013,0.000108,0.00132518899999998
39.237,36.000,-0.012,0.000108,0.00133598399999998
39.337,36.100,-0.011,0.000109,0.00134682749999998
39.437,36.200,-0.01,0.000109,0.00135774949999998
39.537,36.300,-0.009,0.00011,0.00136867899999998
39.637,36.400,-0.008,0.000111,0.00137967749999998
39.737,36.500,-0.007,0.00011,0.00139067099999998
39.837,36.600,-0.006,0.000111,0.00140172749999997
39.937,36.700,-0.005,0.000111,0.00141285849999997
40.037,36.800,-0.004,0.000112,0.00142400499999997
40.137,36.900,-0.003,0.000112,0.00143517799999997
40.237,37.000,-0.002,0.000112,0.00144640199999997
40.337,37.100,-0.001,0.000115,0.00145768049999997
40.437,37.200,0,0.000114,0.00146898499999997
40.537,37.300,0.001,0.000115,0.00148030949999997
40.637,37.400,0.002,0.000114,0.00149170699999997
40.737,37.500,0.003,0.000116,0.00150312699999996
40.837,37.600,0.004,0.000116,0.00151462799999996
40.937,37.700,0.005,0.000117,0.00152615749999996
41.037,37.800,0.006,0.000115,0.00153775049999996
41.137,37.900,0.007,0.000117,0.00154932349999996
41.237,38.000,0.008,0.000117,0.00156095049999996
41.337,38.100,0.009,0.000117,0.00157266249999996
41.437,38.200,0.01,0.000118,0.00158440499999996
41.537,38.300,0.011,0.000117,0.00159616149999996
41.637,38.400,0.012,0.000118,0.00160795399999996
41.737,38.500,0.013,0.000119,0.00161980549999997
41.837,38.600,0.014,0.00012,0.00163169799999997
41.937,38.700,0.015,0.000119,0.00164364949999997
42.037,38.800,0.016,0.00012,0.00165562999999997
42.137,38.900,0.017,0.000121,0.00166759649999997
42.237,39.000,0.018,0.000122,0.00167966699999996
42.337,39.100,0.019,0.000122,0.00169176299999996
42.437,39.200,0.02,0.00012,0.00170392399999996
42.537,39.300,0.021,0.000122,0.00171609199999996
42.637,39.400,0.022,0.000122,0.00172828299999996
42.737,39.500,0.023,0.000121,0.00174050849999996
42.837,39.600,0.024,0.000123,0.00175278649999996
42.937,39.700,0.025,0.000124,0.00176511499999996
43.037,39.800,0.026,0.000125,0.00177747349999996
43.137,39.900,0.027,0.000125,0.00178987949999997
43.237,40.000,0.028,0.000124,0.00180227099999997
43.337,40.100,0.029,0.000126,0.00181472599999997
43.437,40.200,0.03,0.000125,0.00182726649999997
43.537,40.300,0.031,0.000125,0.00183983049999996
43.637,40.400,0.032,0.000126,0.00185242099999996
43.737,40.500,0.033,0.000127,0.00186506049999996
43.837,40.600,0.034,0.000126,0.00187772699999996
43.937,40.700,0.035,0.000127,0.00189040849999996
44.037,40.800,0.036,0.000129,0.00190316549999996
44.137,40.900,0.037,0.000128,0.00191597999999996
44.237,41.000,0.038,0.000128,0.00192883199999996
44.337,41.100,0.039,0.000129,0.00194169149999996
44.437,41.200,0.04,0.000128,0.00195462199999996
44.537,41.300,0.041,0.00013,0.00196753399999996
44.637,41.400,0.042,0.000131,0.00198048849999996
44.737,41.500,0.043,0.00013,0.00199346899999996
44.837,41.600,0.044,0.00013,0.00200652199999995
44.937,41.700,0.045,0.000132,0.00201956799999995
45.037,41.800,0.046,0.000132,0.00203268399999994
45.137,41.900,0.047,0.000131,0.00204583449999993
45.237,42.000,0.048,0.000132,0.00205901399999993
45.337,42.100,0.049,0.000132,0.00207222999999992
45.437,42.200,0.05,0.000133,0.00208548649999992
45.537,42.300,0.051,0.000133,0.00209877649999992
45.637,42.400,0.052,0.000134,0.00211209299999992
45.737,42.500,0.053,0.000134,0.00212544299999992
45.837,42.600,0.054,0.000134,0.00213884399999992
45.937,42.700,0.055,0.000135,0.00215226349999992
46.037,42.800,0.056,0.000134,0.00216572099999992
46.137,42.900,0.057,0.000136,0.00217920599999992
46.237,43.000,0.058,0.000136,0.00219277599999992
46.337,43.100,0.059,0.000136,0.00220631999999991
46.437,43.200,0.06,0.000137,0.00221992449999992
46.537,43.300,0.061,0.000136,0.00223359599999992
46.637,43.400,0.062,0.000137,0.00224728249999993
46.737,43.500,0.063,0.000138,0.00226103899999994
46.837,43.600,0.064,0.000137,0.00227480149999994
46.937,43.700,0.065,0.000138,0.00228860499999994
47.037,43.800,0.066,0.000139,0.00230244249999995
47.137,43.900,0.067,0.000138,0.00231628999999995
47.237,44.000,0.068,0.000139,0.00233017949999995
47.337,44.100,0.069,0.00014,0.00234408499999995
47.437,44.200,0.07,0.000139,0.00235804449999995
47.537,44.300,0.071,0.00014,0.00237199699999994
47.637,44.400,0.072,0.00014,0.00238600399999994
47.737,44.500,0.073,0.000141,0.00240006749999994
47.837,44.600,0.074,0.000141,0.00241413749999993
47.937,44.700,0.075,0.000141,0.00242826849999993
48.037,44.800,0.076,0.000141,0.00244242349999994
48.137,44.900,0.077,0.000142,0.00245661499999994
48.237,45.000,0.078,0.000142,0.00247086599999994
48.337,45.100,0.079,0.000143,0.00248509849999994
48.437,45.200,0.08,0.000142,0.00249937799999995
48.537,45.300,0.081,0.000143,0.00251371049999995
48.637,45.400,0.082,0.000143,0.00252802849999996
48.737,45.500,0.083,0.000145,0.00254243149999996
48.837,45.600,0.084,0.000145,0.00255683649999996
48.937,45.700,0.085,0.000146,0.00257131699999995
49.037,45.800,0.086,0.000144,0.00258581999999995
49.137,45.900,0.087,0.000145,0.00260032649999995
49.237,46.000,0.088,0.000146,0.00261487199999995
49.337,46.100,0.089,0.000146,0.00262947499999995
49.437,46.200,0.09,0.000146,0.00264412299999995
49.537,46.300,0.091,0.000147,0.00265875549999995
49.637,46.400,0.092,0.000147,0.00267343549999995
49.737,46.500,0.093,0.000148,0.00268812299999995
49.837,46.600,0.094,0.000148,0.00270286899999995
49.937,46.700,0.095,0.000149,0.00271764449999996
50.037,46.800,0.096,0.000148,0.00273243499999996
50.137,46.900,0.097,0.000146,0.00274726199999996
50.237,47.000,0.098,0.000149,0.00276211449999995
50.337,47.100,0.099,0.000149,0.00277701149999995
50.437,47.200,0.1,0.000149,0.00279193049999995
50.537,47.300,0.101,0.00015,0.00280686999999994
50.637,47.400,0.102,0.000151,0.00282183849999994
50.737,47.500,0.103,0.00015,0.00283685599999993
50.837,47.600,0.104,0.000151,0.00285190649999993
50.937,47.700,0.105,0.000152,0.00286698199999993
51.037,47.800,0.106,0.000152,0.00288209199999993
51.137,47.900,0.107,0.00015,0.00289721899999993
51.237,48.000,0.108,0.000154,0.00291237999999993
51.337,48.100,0.109,0.000152,0.00292760099999993
51.437,48.200,0.11,0.000153,0.00294282549999993
51.537,48.300,0.111,0.000155,0.00295808349999993
51.637,48.400,0.112,0.000153,0.00297333749999993
51.737,48.500,0.113,0.000153,0.00298864749999993
51.837,48.600,0.114,0.000153,0.00300401149999993
51.937,48.700,0.115,0.000153,0.00301936449999993
52.037,48.800,0.116,0.000156,0.00303477999999993
52.137,48.900,0.117,0.000153,0.00305022049999992
52.237,49.000,0.118,0.000155,0.00306569249999992
52.337,49.100,0.119,0.000154,0.00308118299999991
52.437,49.200,0.12,0.000156,0.00309666499999991
52.537,49.300,0.121,0.000156,0.0031121879999999
52.637,49.400,0.122,0.000155,0.00312771149999989
52.737,49.500,0.123,0.000157,0.00314328149999989
52.837,49.600,0.124,0.000156,0.00315890399999988
52.937,49.700,0.125,0.000156,0.00317453099999988
53.037,49.800,0.126,0.000156,0.00319020299999988
53.137,49.900,0.127,0.000157,0.00320587249999987
53.237,50.000,0.128,0.000158,0.00322161399999988
53.337,50.100,0.129,0.000158,0.00323737099999988
53.437,50.200,0.13,0.000158,0.00325311899999988
53.537,50.300,0.131,0.000157,0.00326891449999988
53.637,50.400,0.132,0.000159,0.00328472049999989
53.737,50.500,0.133,0.00016,0.00330056699999989
53.837,50.600,0.134,0.000158,0.00331647599999989
53.937,50.700,0.135,0.000161,0.0033323634999999
54.037,50.800,0.136,0.00016,0.0033483329999999
54.137,50.900,0.137,0.000159,0.0033642994999999
54.237,51.000,0.138,0.000158,0.0033803139999999
54.337,51.100,0.139,0.00016,0.0033962969999999
54.437,51.200,0.14,0.00016,0.0034123149999999
54.537,51.300,0.141,0.000159,0.0034283494999999
54.637,51.400,0.142,0.000162,0.0034444289999999
54.737,51.500,0.143,0.000161,0.00346053149999991
54.837,51.600,0.144,0.000161,0.00347667049999991
54.937,51.700,0.145,0.000163,0.00349280949999992
55.037,51.800,0.146,0.000163,0.00350905249999992
55.137,51.900,0.147,0.000163,0.00352528249999992
55.237,52.000,0.148,0.000162,0.00354151199999993
55.337,52.100,0.149,0.000163,0.00355775849999993
55.437,52.200,0.15,0.000163,0.00357401949999993
55.537,52.300,0.151,0.000163,0.00359032949999994
55.637,52.400,0.152,0.000166,0.00360664699999994
55.737,52.500,0.153,0.000165,0.00362301449999994
55.837,52.600,0.154,0.000164,0.00363941399999994
55.937,52.700,0.155,0.000164,0.00365580399999994
56.037,52.800,0.156,0.000165,0.00367221449999994
56.137,52.900,0.157,0.000164,0.00368868099999993
56.237,53.000,0.158,0.000166,0.00370515199999993
56.337,53.100,0.159,0.000165,0.00372163449999992
56.437,53.200,0.16,0.000166,0.00373815199999993
56.537,53.300,0.161,0.000164,0.00375468099999992
56.637,53.400,0.162,0.000166,0.00377122299999992
56.737,53.500,0.163,0.000166,0.00378781599999993
56.837,53.600,0.164,0.000166,0.00380439899999993
56.937,53.700,0.165,0.000166,0.00382100999999993
57.037,53.800,0.166,0.000167,0.00383765349999993
57.137,53.900,0.167,0.000168,0.00385431899999994
57.237,54.000,0.168,0.000168,0.00387102199999994
57.337,54.100,0.169,0.000168,0.00388772899999995
57.437,54.200,0.17,0.000169,0.00390447649999995
57.537,54.300,0.171,0.000168,0.00392122399999995
57.637,54.400,0.172,0.000168,0.00393800799999994
57.737,54.500,0.173,0.000169,0.00395481749999993
57.837,54.600,0.174,0.000168,0.00397164299999991
57.937,54.700,0.175,0.000168,0.0039884709999999
58.037,54.800,0.176,0.00017,0.00400532399999988
58.137,54.900,0.177,0.000169,0.00402222549999987
58.237,55.000,0.178,0.00017,0.00403915599999986
58.337,55.100,0.179,0.000168,0.00405607999999985
58.437,55.200,0.18,0.00017,0.00407305899999984
58.537,55.300,0.181,0.000168,0.00408999899999983
58.637,55.400,0.182,0.000169,0.00410698649999983
58.737,55.500,0.183,0.000172,0.00412399999999983
58.837,55.600,0.184,0.000171,0.00414105949999982
58.937,55.700,0.185,0.000171,0.00415809549999982
59.037,55.800,0.186,0.000172,0.00417515699999982
59.137,55.900,0.187,0.000169,0.00419225349999982
59.237,56.000,0.188,0.000171,0.00420935349999981
59.337,56.100,0.189,0.000171,0.00422650149999982
59.437,56.200,0.19,0.000172,0.00424365499999982
59.537,56.300,0.191,0.000173,0.00426086749999982
59.637,56.400,0.192,0.000172,0.00427802799999982
59.737,56.500,0.193,0.000172,0.00429524799999982
59.837,56.600,0.194,0.000173,0.00431248849999983
59.937,56.700,0.195,0.000172,0.00432975199999984
60.037,56.800,0.196,0.000174,0.00434701199999984
60.137,56.900,0.197,0.000173,0.00436432349999985
60.237,57.000,0.198,0.000171,0.00438161149999987
60.337,57.100,0.199,0.000173,0.00439895049999988
60.437,57.200,0.2,0.000173,0.00441628549999989
60.537,57.300,0.201,0.000174,0.0044336589999999
60.637,57.400,0.202,0.000173,0.00445103849999991
60.737,57.500,0.203,0.000175,0.00446842249999992
60.837,57.600,0.204,0.000174,0.00448583399999993
60.937,57.700,0.205,0.000173,0.00450325749999993
61.037,57.800,0.206,0.000174,0.00452071099999993
61.137,57.900,0.207,0.000175,0.00453814249999994
61.237,58.000,0.208,0.000176,0.00455561899999994
61.337,58.100,0.209,0.000175,0.00457311849999994
61.437,58.200,0.21,0.000176,0.00459063999999994
61.537,58.300,0.211,0.000174,0.00460815199999994
61.637,58.400,0.212,0.000175,0.00462571649999993
61.737,58.500,0.213,0.000177,0.00464330549999993
61.837,58.600,0.214,0.000174,0.00466084599999993
61.937,58.700,0.215,0.000176,0.00467844499999993
62.037,58.800,0.216,0.000177,0.00469607149999992
62.137,58.900,0.217,0.000177,0.00471371549999992
62.237,59.000,0.218,0.000177,0.00473139549999991
62.337,59.100,0.219,0.000177,0.00474907149999991
62.437,59.200,0.22,0.000177,0.00476673849999991
62.537,59.300,0.221,0.000178,0.00478446499999991
62.637,59.400,0.222,0.000178,0.00480221299999992
62.737,59.500,0.223,0.000178,0.00481994799999992
62.837,59.600,0.224,0.000177,0.00483769249999993
62.937,59.700,0.225,0.000178,0.00485546099999993
63.037,59.800,0.226,0.000177,0.00487324349999994
63.137,59.900,0.227,0.000178,0.00489105099999995
63.237,60.000,0.228,0.000178,0.00490887299999996
63.337,60.100,0.229,0.00018,0.00492670299999996
63.437,60.200,0.23,0.000179,0.00494459149999996
63.537,60.300,0.231,0.000179,0.00496246449999997
63.637,60.400,0.232,0.000178,0.00498037499999998
63.737,60.500,0.233,0.000179,0.00499825349999999
63.837,60.600,0.234,0.000178,0.00501613599999999
63.937,60.700,0.235,0.00018,0.005034052
64.037,60.800,0.236,0.000179,0.0050519965
64.137,60.900,0.237,0.00018,0.005069972
64.237,61.000,0.238,0.00018,0.005087951
64.337,61.100,0.239,0.000179,0.0051059365
64.437,61.200,0.24,0.00018,0.005124001
64.537,61.300,0.241,0.000181,0.00514202349999999
64.637,61.400,0.242,0.00018,0.005160045
64.737,61.500,0.243,0.000182,0.005178096
64.837,61.600,0.244,0.000181,0.00519619949999999
64.937,61.700,0.245,0.00018,0.005214294
65.037,61.800,0.246,0.000181,0.00523241049999999
65.137,61.900,0.247,0.00018,0.00525053899999999
65.237,62.000,0.248,0.000182,0.00526867699999999
65.337,62.100,0.249,0.000183,0.00528682049999998
65.437,62.200,0.25,0.000181,0.00530497449999998
65.537,62.300,0.251,0.000183,0.00532317149999998
65.637,62.400,0.252,0.000181,0.00534133849999998
65.737,62.500,0.253,0.000183,0.00535955549999998
65.837,62.600,0.254,0.000183,0.00537779649999998
65.937,62.700,0.255,0.000183,0.00539600749999998
66.037,62.800,0.256,0.000183,0.00541425849999998
66.137,62.900,0.257,0.000182,0.00543252099999998
66.237,63.000,0.258,0.000184,0.00545078599999999
66.337,63.100,0.259,0.000183,0.00546908549999999
66.437,63.200,0.26,0.000183,0.0054873795
66.537,63.300,0.261,0.000184,0.005505669
66.637,63.400,0.262,0.000182,0.00552401200000001
66.737,63.500,0.263,0.000184,0.00554237500000002
66.837,63.600,0.264,0.000185,0.00556077850000001
66.937,63.700,0.265,0.000184,0.00557915400000002
67.037,63.800,0.266,0.000184,0.00559754400000002
67.137,63.900,0.267,0.000185,0.00561598350000002
67.237,64.000,0.268,0.000183,0.00563438050000002
67.337,64.100,0.269,0.000184,0.00565283200000002
67.437,64.200,0.27,0.000184,0.00567126900000002
67.537,64.300,0.271,0.000184,0.00568972900000003
67.637,64.400,0.272,0.000185,0.00570815150000003
67.737,64.500,0.273,0.000184,0.00572665600000003
67.837,64.600,0.274,0.000186,0.00574517700000003
67.937,64.700,0.275,0.000186,0.00576371000000003
68.037,64.800,0.276,0.000184,0.00578220100000003
68.137,64.900,0.277,0.000185,0.00580076650000003
68.237,65.000,0.278,0.000187,0.00581932550000003
68.337,65.100,0.279,0.000186,0.00583787300000003
68.437,65.200,0.28,0.000187,0.00585645050000004
68.537,65.300,0.281,0.000186,0.00587505900000004
68.637,65.400,0.282,0.000187,0.00589366550000004
68.737,65.500,0.283,0.000187,0.00591230350000005
68.837,65.600,0.284,0.000187,0.00593093850000006
68.937,65.700,0.285,0.000188,0.00594956400000007
69.037,65.800,0.286,0.000187,0.00596826250000007
69.137,65.900,0.287,0.000187,0.00598698950000008
69.237,66.000,0.288,0.000188,0.00600566600000008
69.337,66.100,0.289,0.000188,0.00602439100000009
69.437,66.200,0.29,0.000187,0.00604313950000009
69.537,66.300,0.291,0.000188,0.0060618540000001
69.637,66.400,0.292,0.000189,0.00608060350000011
69.737,66.500,0.293,0.000186,0.00609938000000011
69.837,66.600,0.294,0.000189,0.00611816150000011
69.937,66.700,0.295,0.000187,0.00613699250000012
70.037,66.800,0.296,0.000188,0.00615580500000012
70.137,66.900,0.297,0.000189,0.00617464350000012
70.237,67.000,0.298,0.000189,0.00619348750000012
70.337,67.100,0.299,0.000188,0.00621230700000011
70.437,67.200,0.3,0.000189,0.00623116550000012
70.537,67.300,0.301,0.000189,0.00625004950000013
70.637,67.400,0.302,0.000189,0.00626892850000013
70.737,67.500,0.303,0.000188,0.00628783700000013
70.837,67.600,0.304,0.00019,0.00630675500000013
70.937,67.700,0.305,0.00019,0.00632564800000013
71.037,67.800,0.306,0.000189,0.00634456550000013
71.137,67.900,0.307,0.00019,0.00636352000000013
71.237,68.000,0.308,0.000189,0.00638243250000014
71.337,68.100,0.309,0.00019,0.00640139300000012
71.437,68.200,0.31,0.000189,0.00642038950000012
71.537,68.300,0.311,0.000191,0.00643940450000012
71.637,68.400,0.312,0.00019,0.00645841300000011
71.737,68.500,0.313,0.000191,0.00647745050000012
71.837,68.600,0.314,0.000192,0.00649647500000012
71.937,68.700,0.315,0.00019,0.00651552300000012
72.037,68.800,0.316,0.000192,0.00653458100000012
72.137,68.900,0.317,0.000191,0.00655365050000011
72.237,69.000,0.318,0.000192,0.00657273100000012
72.337,69.100,0.319,0.000191,0.00659182550000012
72.437,69.200,0.32,0.000191,0.00661092950000012
72.537,69.300,0.321,0.000192,0.00663006600000013
72.637,69.400,0.322,0.000193,0.00664920450000013
72.737,69.500,0.323,0.00019,0.00666838500000014
72.837,69.600,0.324,0.000191,0.00668754350000014
72.937,69.700,0.325,0.000192,0.00670671800000015
73.037,69.800,0.326,0.000192,0.00672590600000015
73.137,69.900,0.327,0.000192,0.00674509700000015
73.237,70.000,0.328,0.000192,0.00676432200000016
73.337,70.100,0.329,0.000193,0.00678354550000016
73.437,70.200,0.33,0.000192,0.00680278100000016
73.537,70.300,0.331,0.000191,0.00682205550000015
73.637,70.400,0.332,0.000193,0.00684129850000015
73.737,70.500,0.333,0.000191,0.00686056250000015
73.837,70.600,0.334,0.000193,0.00687984850000015
73.937,70.700,0.335,0.000194,0.00689912300000015
74.037,70.800,0.336,0.000193,0.00691843550000015
74.137,70.900,0.337,0.000192,0.00693769300000015
74.237,71.000,0.338,0.000194,0.00695702900000016
74.337,71.100,0.339,0.000193,0.00697636850000016
74.437,71.200,0.34,0.000193,0.00699570250000016
74.537,71.300,0.341,0.000193,0.00701504650000016
74.637,71.400,0.342,0.000195,0.00703442150000016
74.737,71.500,0.343,0.000193,0.00705383150000016
74.837,71.600,0.344,0.000195,0.00707322550000016
74.937,71.700,0.345,0.000196,0.00709264600000015
75.037,71.800,0.346,0.000195,0.00711210650000015
75.137,71.900,0.347,0.000194,0.00713156600000014
75.237,72.000,0.348,0.000195,0.00715102450000014
75.337,72.100,0.349,0.000195,0.00717047150000013
75.437,72.200,0.35,0.000195,0.00718994450000013
75.537,72.300,0.351,0.000196,0.00720942600000012
75.637,72.400,0.352,0.000195,0.00722890550000012
75.737,72.500,0.353,0.000195,0.00724842650000012
75.837,72.600,0.354,0.000195,0.00726794650000011
75.937,72.700,0.355,0.000196,0.00728747700000011
76.037,72.800,0.356,0.000195,0.00730705050000011
76.137,72.900,0.357,0.000195,0.0073265805000001
76.237,73.000,0.358,0.000195,0.0073461455000001
76.337,73.100,0.359,0.000195,0.0073657505000001
76.437,73.200,0.36,0.000196,0.0073853000000001
76.537,73.300,0.361,0.000196,0.0074048840000001
76.637,73.400,0.362,0.000196,0.00742449600000009
76.737,73.500,0.363,0.000196,0.0074441160000001
76.837,73.600,0.364,0.000196,0.0074637620000001
76.937,73.700,0.365,0.000196,0.0074833930000001
77.037,73.800,0.366,0.000196,0.0075030250000001
77.137,73.900,0.367,0.000198,0.0075227010000001
77.237,74.000,0.368,0.000197,0.0075424145000001
77.337,74.100,0.369,0.000197,0.0075621195000001
77.437,74.200,0.37,0.000196,0.00758182100000011
77.537,74.300,0.371,0.000198,0.00760153300000011
77.637,74.400,0.372,0.000196,0.00762126000000011
77.737,74.500,0.373,0.000198,0.00764097900000011
77.837,74.600,0.374,0.000197,0.00766069650000011
77.937,74.700,0.375,0.000199,0.00768046850000011
78.037,74.800,0.376,0.000197,0.00770027250000011
78.137,74.900,0.377,0.000199,0.00772004050000011
78.237,75.000,0.378,0.000198,0.00773978700000011
78.337,75.100,0.379,0.000198,0.00775958900000011
78.437,75.200,0.38,0.000197,0.00777937650000011
78.537,75.300,0.381,0.000198,0.00779921400000011
78.637,75.400,0.382,0.000197,0.0078190695000001
78.737,75.500,0.383,0.000197,0.00783886650000011
78.837,75.600,0.384,0.0002,0.00785872300000011
78.937,75.700,0.385,0.000198,0.00787858000000012
79.037,75.800,0.386,0.000199,0.00789844650000012
79.137,75.900,0.387,0.0002,0.00791832500000012
79.237,76.000,0.388,0.000199,0.00793823050000012
79.337,76.100,0.389,0.0002,0.00795812700000012
79.437,76.200,0.39,0.0002,0.00797800000000013
79.537,76.300,0.391,0.000198,0.00799794600000013
79.637,76.400,0.392,0.0002,0.00801787300000012
79.737,76.500,0.393,0.0002,0.00803781200000012
79.837,76.600,0.394,0.0002,0.00805778000000011
79.937,76.700,0.395,0.0002,0.00807774900000011
80.037,76.800,0.396,0.0002,0.00809774800000011
80.137,76.900,0.397,0.0002,0.00811774700000011
80.237,77.000,0.398,0.000201,0.00813777750000013
80.337,77.100,0.399,0.000201,0.00815780650000014
80.437,77.200,0.4,0.0002,0.00817785800000017
80.537,77.300,0.401,0.0002,0.00819791000000017
80.637,77.400,0.402,0.000201,0.00821795650000019
80.737,77.500,0.403,0.000202,0.0082379900000002
80.837,77.600,0.404,0.000202,0.00825806100000022
80.937,77.700,0.405,0.000202,0.00827817000000024
81.037,77.800,0.406,0.000201,0.00829824450000026
81.137,77.900,0.407,0.000202,0.00831835800000028
81.237,78.000,0.408,0.000201,0.00833845550000032
81.337,78.100,0.409,0.000199,0.00835856250000034
81.437,78.200,0.41,0.000203,0.00837865750000036
81.537,78.300,0.411,0.000202,0.00839886900000036
81.637,78.400,0.412,0.000202,0.00841905900000037
81.737,78.500,0.413,0.0002,0.00843920300000039
81.837,78.600,0.414,0.000203,0.0084593545000004
81.937,78.700,0.415,0.000201,0.00847951050000042
82.037,78.800,0.416,0.000203,0.00849973550000042
82.137,78.900,0.417,0.000202,0.00851995500000042
82.237,79.000,0.418,0.000202,0.00854019000000041
82.337,79.100,0.419,0.000202,0.0085604450000004
82.437,79.200,0.42,0.000202,0.0085807040000004
82.537,79.300,0.421,0.000203,0.00860097650000037
82.637,79.400,0.422,0.000202,0.00862126800000035
82.737,79.500,0.423,0.000205,0.00864156650000032
82.837,79.600,0.424,0.000203,0.0086618805000003
82.937,79.700,0.425,0.000203,0.00868217050000028
83.037,79.800,0.426,0.000204,0.00870248200000025
83.137,79.900,0.427,0.000204,0.00872282800000022
83.237,80.000,0.428,0.000203,0.0087431835000002
83.337,80.100,0.429,0.000203,0.00876351450000017
83.437,80.200,0.43,0.000204,0.00878388000000014
83.537,80.300,0.431,0.000205,0.00880427050000012
83.637,80.400,0.432,0.000203,0.00882469250000012
83.737,80.500,0.433,0.000204,0.0088450720000001
83.837,80.600,0.434,0.000206,0.00886548900000008
83.937,80.700,0.435,0.000205,0.00888590650000008
84.037,80.800,0.436,0.000205,0.00890635350000007
84.137,80.900,0.437,0.000205,0.00892680850000006
84.237,81.000,0.438,0.000205,0.00894723950000005
84.337,81.100,0.439,0.000205,0.00896769950000004
84.437,81.200,0.44,0.000207,0.00898820950000004
84.537,81.300,0.441,0.000205,0.00900871050000003
84.637,81.400,0.442,0.000205,0.00902919950000003
84.737,81.500,0.443,0.000205,0.00904968950000004
84.837,81.600,0.444,0.000205,0.00907015850000003
84.937,81.700,0.445,0.000205,0.00909071550000004
85.037,81.800,0.446,0.000204,0.00911125400000003
85.137,81.900,0.447,0.000205,0.00913181050000002
85.237,82.000,0.448,0.000206,0.00915235700000002
85.337,82.100,0.449,0.000205,0.00917294150000001
85.437,82.200,0.45,0.000205,0.0091935285
85.537,82.300,0.451,0.000208,0.00921411699999999
85.637,82.400,0.452,0.000206,0.00923470999999998
85.737,82.500,0.453,0.000205,0.00925530449999996
85.837,82.600,0.454,0.000206,0.00927592899999994
85.937,82.700,0.455,0.000207,0.00929651949999993
86.037,82.800,0.456,0.000206,0.00931719699999992
86.137,82.900,0.457,0.000206,0.00933785599999991
86.237,83.000,0.458,0.000207,0.0093585404999999
86.337,83.100,0.459,0.000207,0.00937925449999991
86.437,83.200,0.46,0.000207,0.00939994449999991
86.537,83.300,0.461,0.000207,0.00942066949999992
86.637,83.400,0.462,0.000207,0.00944139349999991
86.737,83.500,0.463,0.000208,0.00946213399999992
86.837,83.600,0.464,0.000208,0.00948283299999992
86.937,83.700,0.465,0.000208,0.00950357399999993
87.037,83.800,0.466,0.000208,0.00952431399999993
87.137,83.900,0.467,0.000208,0.00954509099999993
87.237,84.000,0.468,0.000209,0.00956589949999996
87.337,84.100,0.469,0.000208,0.00958671399999997
87.437,84.200,0.47,0.00021,0.00960753899999998
87.537,84.300,0.471,0.000209,0.00962838649999998
87.637,84.400,0.472,0.000209,0.00964925849999999
87.737,84.500,0.473,0.000209,0.0096700615
87.837,84.600,0.474,0.000208,0.00969090700000001
87.937,84.700,0.475,0.000209,0.00971176850000003
88.037,84.800,0.476,0.000209,0.00973263950000003
88.137,84.900,0.477,0.00021,0.00975357200000002
88.237,85.000,0.478,0.00021,0.00977446200000002
88.337,85.100,0.479,0.000209,0.00979537250000002
88.437,85.200,0.48,0.000209,0.00981630450000002
88.537,85.300,0.481,0.000209,0.0098372415
88.637,85.400,0.482,0.000208,0.00985819499999999
88.737,85.500,0.483,0.000209,0.0098791595
88.837,85.600,0.484,0.00021,0.00990014099999999
88.937,85.700,0.485,0.000209,0.00992113749999998
89.037,85.800,0.486,0.00021,0.00994214099999998
89.137,85.900,0.487,0.00021,0.00996313799999997
89.237,86.000,0.488,0.000211,0.00998414549999998
89.337,86.100,0.489,0.00021,0.010005197
89.437,86.200,0.49,0.000211,0.0100262235
89.537,86.300,0.491,0.00021,0.010047274
89.637,86.400,0.492,0.00021,0.010068293
89.737,86.500,0.493,0.000211,0.0100893465
89.837,86.600,0.494,0.00021,0.010110428
89.937,86.700,0.495,0.000211,0.0101315245000001
90.037,86.800,0.496,0.00021,0.0101525870000001
90.137,86.900,0.497,0.000211,0.0101737305000001
90.237,87.000,0.498,0.000212,0.0101948950000001
90.337,87.100,0.499,0.000212,0.0102160420000001
90.437,87.200,0.5,0.000213,0.0102371945000001
90.537,87.300,0.501,0.000212,0.0102583550000001
90.637,87.400,0.502,0.000212,0.0102795910000001
90.737,87.500,0.503,0.00021,0.0103007470000001
90.837,87.600,0.504,0.000212,0.0103219720000001
90.937,87.700,0.505,0.000211,0.0103431665000001
91.037,87.800,0.506,0.000212,0.0103644030000001
91.137,87.900,0.507,0.000213,0.0103856405000001
91.237,88.000,0.508,0.000212,0.0104069100000001
91.337,88.100,0.509,0.000213,0.0104281615000001
91.437,88.200,0.51,0.000212,0.010449439
91.537,88.300,0.511,0.000214,0.010470712
91.637,88.400,0.512,0.000214,0.010492051
91.737,88.500,0.513,0.000214,0.010513381
91.837,88.600,0.514,0.000213,0.0105347215
91.937,88.700,0.515,0.000214,0.010556047
92.037,88.800,0.516,0.000214,0.0105774150000001
92.137,88.900,0.517,0.000215,0.0105987995000001
92.237,89.000,0.518,0.000215,0.0106201675000001
92.337,89.100,0.519,0.000214,0.0106415660000001
92.437,89.200,0.52,0.000216,0.0106629570000001
92.537,89.300,0.521,0.000215,0.0106843825000002
92.637,89.400,0.522,0.000216,0.0107058050000002
92.737,89.500,0.523,0.000215,0.0107272535000002
92.837,89.600,0.524,0.000216,0.0107487080000002
92.937,89.700,0.525,0.000215,0.0107702095000002
93.037,89.800,0.526,0.000215,0.0107917125000003
93.137,89.900,0.527,0.000215,0.0108132305000003
93.237,90.000,0.528,0.000216,0.0108347510000003
93.337,90.100,0.529,0.000217,0.0108562895000003
93.437,90.200,0.53,0.000216,0.0108778120000003
93.537,90.300,0.531,0.000215,0.0108993355000003
93.637,90.400,0.532,0.000217,0.0109209145000003
93.737,90.500,0.533,0.000216,0.0109424920000003
93.837,90.600,0.534,0.000217,0.0109641135000003
93.937,90.700,0.535,0.000216,0.0109856800000003
94.037,90.800,0.536,0.000216,0.0110072880000002
94.137,90.900,0.537,0.000215,0.0110288645000002
94.237,91.000,0.538,0.000217,0.0110505265000002
94.337,91.100,0.539,0.000218,0.0110722030000002
94.437,91.200,0.54,0.000216,0.0110938670000002
94.537,91.300,0.541,0.000216,0.0111155550000002
94.637,91.400,0.542,0.000218,0.0111372550000002
94.737,91.500,0.543,0.000217,0.0111589525000002
94.837,91.600,0.544,0.000218,0.0111806920000002
94.937,91.700,0.545,0.000218,0.0112024610000002
95.037,91.800,0.546,0.000217,0.0112242335000002
95.137,91.900,0.547,0.000218,0.0112460560000002
95.237,92.000,0.548,0.000219,0.0112678605000002
95.337,92.100,0.549,0.000218,0.0112897110000002
95.437,92.200,0.55,0.000219,0.0113115075000002
95.537,92.300,0.551,0.000219,0.0113333285000002
95.637,92.400,0.552,0.00022,0.0113552080000002
95.737,92.500,0.553,0.000217,0.0113771015000002
95.837,92.600,0.554,0.000221,0.0113990145000002
95.937,92.700,0.555,0.000219,0.0114209095000002
96.037,92.800,0.556,0.000218,0.0114428620000002
96.137,92.900,0.557,0.00022,0.0114648250000001
96.237,93.000,0.558,0.000221,0.0114868045000001
96.337,93.100,0.559,0.00022,0.0115087750000002
96.437,93.200,0.56,0.000221,0.0115307745000002
96.537,93.300,0.561,0.00022,0.0115527850000002
96.637,93.400,0.562,0.00022,0.0115748120000002
96.737,93.500,0.563,0.00022,0.0115968750000002
96.837,93.600,0.564,0.000221,0.0116189655000002
96.937,93.700,0.565,0.00022,0.0116410260000002
97.037,93.800,0.566,0.000221,0.0116631405000002
97.137,93.900,0.567,0.000221,0.0116852675000003
97.237,94.000,0.568,0.000221,0.0117074015000003
97.337,94.100,0.569,0.000222,0.0117295660000003
97.437,94.200,0.57,0.000221,0.0117517495000003
97.537,94.300,0.571,0.000222,0.0117739230000003
97.637,94.400,0.572,0.000222,0.0117961380000003
97.737,94.500,0.573,0.000221,0.0118183615000003
97.837,94.600,0.574,0.000222,0.0118406050000003
97.937,94.700,0.575,0.000221,0.0118628485000003
98.037,94.800,0.576,0.000222,0.0118851200000002
98.137,94.900,0.577,0.000223,0.0119074455000002
98.237,95.000,0.578,0.000223,0.0119297645000002
98.337,95.100,0.579,0.000222,0.0119520950000002
98.437,95.200,0.58,0.000223,0.0119744575000002
98.537,95.300,0.581,0.000224,0.0119968510000002
98.637,95.400,0.582,0.000223,0.0120192335000003
98.737,95.500,0.583,0.000224,0.0120416380000003
98.837,95.600,0.584,0.000222,0.0120640850000003
98.937,95.700,0.585,0.000225,0.0120865185000003
99.037,95.800,0.586,0.000225,0.0121090085000003
99.137,95.900,0.587,0.000225,0.0121315445000003
99.237,96.000,0.588,0.000226,0.0121540800000003
99.337,96.100,0.589,0.000225,0.0121766055000003
99.437,96.200,0.59,0.000226,0.0121991910000003
99.537,96.300,0.591,0.000226,0.0122217940000003
99.637,96.400,0.592,0.000227,0.0122443855000003
99.737,96.500,0.593,0.000227,0.0122670575000003
99.837,96.600,0.594,0.000227,0.0122897615000003
99.937,96.700,0.595,0.000227,0.0123124875000004
100.037,96.800,0.596,0.000228,0.0123352170000004
100.137,96.900,0.597,0.000228,0.0123579530000004
100.237,97.000,0.598,0.000228,0.0123807250000005
100.337,97.100,0.599,0.000229,0.0124035245000005
100.437,97.200,0.6,0.000228,0.0124263510000005
100.537,97.300,0.601,0.000229,0.0124492185000005
100.637,97.400,0.602,0.000228,0.0124721170000005
100.737,97.500,0.603,0.000229,0.0124950535000005
100.837,97.600,0.604,0.00023,0.0125179880000004
100.937,97.700,0.605,0.00023,0.0125409490000004
101.037,97.800,0.606,0.000229,0.0125639445000004
101.137,97.900,0.607,0.00023,0.0125869100000004
101.237,98.000,0.608,0.000231,0.0126099475000004
101.337,98.100,0.609,0.00023,0.0126330080000004
101.437,98.200,0.61,0.000231,0.0126560575000004
101.537,98.300,0.611,0.00023,0.0126791900000005
101.637,98.400,0.612,0.000231,0.0127023335000005
101.737,98.500,0.613,0.000232,0.0127255270000005
101.837,98.600,0.614,0.000233,0.0127487385000004
101.937,98.700,0.615,0.000233,0.0127719625000004
102.037,98.800,0.616,0.000233,0.0127952075000004
102.137,98.900,0.617,0.000232,0.0128185180000004
102.237,99.000,0.618,0.000234,0.0128418280000004
102.337,99.100,0.619,0.000233,0.0128651935000004
102.437,99.200,0.62,0.000233,0.0128886055000004
102.537,99.300,0.621,0.000234,0.0129120440000004
102.637,99.400,0.622,0.000236,0.0129354720000004
102.737,99.500,0.623,0.000234,0.0129589610000004
102.837,99.600,0.624,0.000235,0.0129824885000004
102.937,99.700,0.625,0.000238,0.0130060470000004
103.037,99.800,0.626,0.000237,0.0130296725000004
103.137,99.900,0.627,0.000237,0.0130533035000004
103.237,100.000,0.628,0.000238,0.0130770350000004
103.337,100.100,0.629,0.000237,0.0131007985000004
103.437,100.200,0.63,0.000238,0.0131245750000005
103.537,100.300,0.631,0.000238,0.0131484040000005
103.637,100.400,0.632,0.000239,0.0131722375000005
103.737,100.500,0.633,0.000239,0.0131961165000004
103.837,100.600,0.634,0.00024,0.0132200420000004
103.937,100.700,0.635,0.00024,0.0132440220000004
104.037,100.800,0.636,0.00024,0.0132680200000004
104.137,100.900,0.637,0.00024,0.0132920800000004
104.237,101.000,0.638,0.000242,0.0133161810000004
104.337,101.100,0.639,0.000242,0.0133403270000004
104.437,101.200,0.64,0.000243,0.0133645305000004
104.537,101.300,0.641,0.000242,0.0133887690000004
104.637,101.400,0.642,0.000243,0.0134130575000004
104.737,101.500,0.643,0.000245,0.0134374035000004
104.837,101.600,0.644,0.000244,0.0134617790000004
104.937,101.700,0.645,0.000243,0.0134861715000004
105.037,101.800,0.646,0.000246,0.0135106510000004
105.137,101.900,0.647,0.000246,0.0135351700000004
105.237,102.000,0.648,0.000246,0.0135597430000004
105.337,102.100,0.649,0.000247,0.0135843685000004
105.437,102.200,0.65,0.000247,0.0136090905000004
105.537,102.300,0.651,0.000248,0.0136338560000004
105.637,102.400,0.652,0.000249,0.0136586795000004
105.737,102.500,0.653,0.000246,0.0136835120000004
105.837,102.600,0.654,0.000249,0.0137084075000004
105.937,102.700,0.655,0.000249,0.0137333945000004
106.037,102.800,0.656,0.000252,0.0137584550000004
106.137,102.900,0.657,0.000252,0.0137835530000004
106.237,103.000,0.658,0.000252,0.0138087390000004
106.337,103.100,0.659,0.000253,0.0138339355000004
106.437,103.200,0.66,0.000254,0.0138592050000003
106.537,103.300,0.661,0.000253,0.0138845485000003
106.637,103.400,0.662,0.000255,0.0139099505000003
106.737,103.500,0.663,0.000256,0.0139354240000003
106.837,103.600,0.664,0.000257,0.0139609385000003
106.937,103.700,0.665,0.000258,0.0139865740000003
107.037,103.800,0.666,0.000257,0.0140122335000003
107.137,103.900,0.667,0.000259,0.0140379775000003
107.237,104.000,0.668,0.000259,0.0140637795000003
107.337,104.100,0.669,0.00026,0.0140896450000003
107.437,104.200,0.67,0.00026,0.0141155970000003
107.537,104.300,0.671,0.000261,0.0141415885000003
107.637,104.400,0.672,0.00026,0.0141676770000003
107.737,104.500,0.673,0.000262,0.0141938840000003
107.837,104.600,0.674,0.000263,0.0142201475000003
107.937,104.700,0.675,0.000265,0.0142465175000003
108.037,104.800,0.676,0.000264,0.0142729700000003
108.137,104.900,0.677,0.000266,0.0142994680000003
108.237,105.000,0.678,0.000267,0.0143260875000003
108.337,105.100,0.679,0.000268,0.0143527650000003
108.437,105.200,0.68,0.000269,0.0143795345000004
108.537,105.300,0.681,0.000269,0.0144063895000004
108.637,105.400,0.682,0.000269,0.0144333375000004
108.737,105.500,0.683,0.000271,0.0144603485000004
108.837,105.600,0.684,0.000271,0.0144874955000004
108.937,105.700,0.685,0.000271,0.0145146965000003
109.037,105.800,0.686,0.000275,0.0145419945000004
109.137,105.900,0.687,0.000275,0.0145694495000004
109.237,106.000,0.688,0.000277,0.0145969415000004
109.337,106.100,0.689,0.000279,0.0146245905000004
109.437,106.200,0.69,0.000278,0.0146523440000004
109.537,106.300,0.691,0.00028,0.0146801590000004
109.637,106.400,0.692,0.00028,0.0147081410000004
109.737,106.500,0.693,0.000282,0.0147362340000004
109.837,106.600,0.694,0.000281,0.0147644065000004
109.937,106.700,0.695,0.000285,0.0147927005000004
110.037,106.800,0.696,0.000283,0.0148211185000004
110.137,106.900,0.697,0.000286,0.0148496540000004
110.237,107.000,0.698,0.000288,0.0148783330000004
110.337,107.100,0.699,0.000289,0.0149071545000004
110.437,107.200,0.7,0.00029,0.0149360880000004
110.537,107.300,0.701,0.000293,0.0149651845000004
110.637,107.400,0.702,0.000292,0.0149943820000004
110.737,107.500,0.703,0.000294,0.0150237070000004
110.837,107.600,0.704,0.000295,0.0150531745000004
110.937,107.700,0.705,0.000296,0.0150827880000004
111.037,107.800,0.706,0.000299,0.0151125025000004
111.137,107.900,0.707,0.000299,0.0151424425000004
111.237,108.000,0.708,0.000299,0.0151725145000004
111.337,108.100,0.709,0.000305,0.0152027175000004
111.437,108.200,0.71,0.000304,0.0152331200000004
111.537,108.300,0.711,0.000307,0.0152636685000004
111.637,108.400,0.712,0.000308,0.0152944020000003
111.737,108.500,0.713,0.000311,0.0153253435000004
111.837,108.600,0.714,0.000313,0.0153564595000004
111.937,108.700,0.715,0.000314,0.0153877900000004
112.037,108.800,0.716,0.000317,0.0154192775000004
112.137,108.900,0.717,0.000319,0.0154509805000004
112.237,109.000,0.718,0.000319,0.0154828655000004
112.337,109.100,0.719,0.000321,0.0155149295000004
112.437,109.200,0.72,0.000323,0.0155472105000004
112.537,109.300,0.721,0.000326,0.0155797120000004
112.637,109.400,0.722,0.000328,0.0156123860000004
112.737,109.500,0.723,0.000331,0.0156453115000004
112.837,109.600,0.724,0.000333,0.0156784725000004
112.937,109.700,0.725,0.000335,0.0157118785000004
113.037,109.800,0.726,0.000337,0.0157455085000004
113.137,109.900,0.727,0.000339,0.0157793535000005
113.237,110.000,0.728,0.000342,0.0158134620000005
113.337,110.100,0.729,0.000347,0.0158477965000005
113.437,110.200,0.73,0.000347,0.0158824305000005
113.537,110.300,0.731,0.00035,0.0159173450000005
113.637,110.400,0.732,0.000352,0.0159525380000005
113.737,110.500,0.733,0.000354,0.0159879860000005
113.837,110.600,0.734,0.000358,0.0160237350000005
113.937,110.700,0.735,0.00036,0.0160597240000005
114.037,110.800,0.736,0.000365,0.0160959815000005
114.137,110.900,0.737,0.00037,0.0161328790000005
114.237,111.000,0.738,0.000373,0.0161700995000005
114.337,111.100,0.739,0.000377,0.0162076255000005
114.437,111.200,0.74,0.00038,0.0162454870000004
114.537,111.300,0.741,0.000384,0.0162837190000004
114.637,111.400,0.742,0.000387,0.0163223005000004
114.737,111.500,0.743,0.000391,0.0163612165000004
114.837,111.600,0.744,0.000395,0.0164005325000004
114.937,111.700,0.745,0.000398,0.0164401450000004
115.037,111.800,0.746,0.000401,0.0164801365000004
115.137,111.900,0.747,0.000405,0.0165204635000004
115.237,112.000,0.748,0.000411,0.0165612365000004
115.337,112.100,0.749,0.000414,0.0166024660000004
115.437,112.200,0.75,0.000416,0.0166440580000004
115.537,112.300,0.751,0.000421,0.0166860785000004
115.637,112.400,0.752,0.000426,0.0167284720000004
115.737,112.500,0.753,0.00043,0.0167713370000004
115.837,112.600,0.754,0.000437,0.0168146555000004
115.937,112.700,0.755,0.000443,0.0168584665000004
116.037,112.800,0.756,0.000446,0.0169029030000004
116.137,112.900,0.757,0.00045,0.0169477690000004
116.237,113.000,0.758,0.000455,0.0169930855000005
116.337,113.100,0.759,0.00046,0.0170388690000004
116.437,113.200,0.76,0.000466,0.0170852200000004
116.537,113.300,0.761,0.000471,0.0171320935000004
116.637,113.400,0.762,0.000477,0.0171795485000004
116.737,113.500,0.763,0.000483,0.0172275735000004
116.837,113.600,0.764,0.000489,0.0172761305000004
116.937,113.700,0.765,0.000495,0.0173253345000003
117.037,113.800,0.766,0.0005,0.0173751290000003
117.137,113.900,0.767,0.000506,0.0174254820000003
117.237,114.000,0.768,0.000513,0.0174764525000003
117.337,114.100,0.769,0.000519,0.0175279985000003
117.437,114.200,0.77,0.000525,0.0175801845000003
117.537,114.300,0.771,0.000532,0.0176329870000003
117.637,114.400,0.772,0.000538,0.0176864270000003
117.737,114.500,0.773,0.000544,0.0177405310000003
117.837,114.600,0.774,0.000551,0.0177953045000003
117.937,114.700,0.775,0.000558,0.0178507970000003
118.037,114.800,0.776,0.000566,0.0179069690000003
118.137,114.900,0.777,0.000574,0.0179638760000003
118.237,115.000,0.778,0.00058,0.0180216180000003
118.337,115.100,0.779,0.000588,0.0180800840000003
118.437,115.200,0.78,0.000595,0.0181392825000003
118.537,115.300,0.781,0.000606,0.0181995720000003
118.637,115.400,0.782,0.000612,0.0182606980000003
118.737,115.500,0.783,0.000622,0.0183225890000003
118.837,115.600,0.784,0.00063,0.0183852210000003
118.937,115.700,0.785,0.000638,0.0184486210000003
119.037,115.800,0.786,0.000646,0.0185129160000003
119.137,115.900,0.787,0.000656,0.0185781360000003
119.237,116.000,0.788,0.000666,0.0186442670000003
119.337,116.100,0.789,0.000674,0.0187112920000003
119.437,116.200,0.79,0.000682,0.0187792230000003
119.537,116.300,0.791,0.000691,0.0188480435000003
119.637,116.400,0.792,0.000702,0.0189178370000003
119.737,116.500,0.793,0.000714,0.0189885660000003
119.837,116.600,0.794,0.000721,0.0190603145000003
119.937,116.700,0.795,0.000731,0.0191330015000002
120.037,116.800,0.796,0.000741,0.0192067075000003
120.137,116.900,0.797,0.000751,0.0192814025000003
120.237,117.000,0.798,0.000762,0.0193571450000003
120.337,117.100,0.799,0.000773,0.0194339625000003
120.437,117.200,0.8,0.000783,0.0195118055000003
