出力日時,2021/06/21 14:13:09
データソース,hematite_100_S2-3-1_LSV
表示対象ノード,Root\ECstat-301\LSV
Time(s),NodeTime(s),OutputVoltage(V),Current(A),Capacity(C)
3.396,0.100,-0.325,1E-06,1.055E-07
3.496,0.200,-0.324,2E-06,2.45999999999999E-07
3.596,0.300,-0.323,2E-06,3.99999999999999E-07
3.696,0.400,-0.322,2E-06,5.6E-07
3.796,0.500,-0.321,2E-06,7.53000000000001E-07
3.896,0.600,-0.32,2E-06,9.26000000000001E-07
3.996,0.700,-0.319,3E-06,1.1235E-06
4.096,0.800,-0.318,2E-06,1.337E-06
4.196,0.900,-0.317,3E-06,1.5575E-06
4.296,1.000,-0.316,2E-06,1.778E-06
4.396,1.100,-0.315,2E-06,1.97499999999999E-06
4.496,1.200,-0.314,3E-06,2.22249999999999E-06
4.596,1.300,-0.313,3E-06,2.45049999999999E-06
4.696,1.400,-0.312,3E-06,2.68249999999999E-06
4.796,1.500,-0.311,1E-06,2.94649999999999E-06
4.896,1.600,-0.31,3E-06,3.20149999999999E-06
4.996,1.700,-0.309,2E-06,3.42399999999999E-06
5.096,1.800,-0.308,4E-06,3.69299999999999E-06
5.196,1.900,-0.307,2E-06,3.95899999999999E-06
5.296,2.000,-0.306,2E-06,4.181E-06
5.396,2.100,-0.305,1E-06,4.42350000000001E-06
5.496,2.200,-0.304,2E-06,4.67800000000002E-06
5.596,2.300,-0.303,3E-06,4.92650000000003E-06
5.696,2.400,-0.302,2E-06,5.16500000000003E-06
5.796,2.500,-0.301,1E-06,5.48050000000003E-06
5.896,2.600,-0.3,3E-06,5.73950000000004E-06
5.996,2.700,-0.299,4E-06,6.01900000000005E-06
6.096,2.800,-0.298,2E-06,6.31200000000005E-06
6.196,2.900,-0.297,3E-06,6.60950000000005E-06
6.296,3.000,-0.296,3E-06,6.92850000000005E-06
6.396,3.100,-0.295,3E-06,7.24250000000005E-06
6.496,3.200,-0.294,3E-06,7.55250000000005E-06
6.596,3.300,-0.293,2E-06,7.84900000000006E-06
6.696,3.400,-0.292,3E-06,8.16250000000008E-06
6.796,3.500,-0.291,2E-06,8.4710000000001E-06
6.896,3.600,-0.29,3E-06,8.78150000000012E-06
6.996,3.700,-0.289,4E-06,9.13000000000015E-06
7.096,3.800,-0.288,4E-06,9.49200000000018E-06
7.196,3.900,-0.287,3E-06,9.81750000000021E-06
7.296,4.000,-0.286,5E-06,1.01555000000002E-05
7.396,4.100,-0.285,3E-06,1.04895000000003E-05
7.496,4.200,-0.284,5E-06,1.08065000000003E-05
7.596,4.300,-0.283,4E-06,1.11820000000003E-05
7.696,4.400,-0.282,4E-06,1.15670000000004E-05
7.796,4.500,-0.281,3E-06,1.19235000000004E-05
7.896,4.600,-0.28,4E-06,1.22940000000005E-05
7.996,4.700,-0.279,3E-06,1.26675000000005E-05
8.096,4.800,-0.278,4E-06,1.30110000000005E-05
8.196,4.900,-0.277,3E-06,1.33785000000006E-05
8.296,5.000,-0.276,3E-06,1.37425000000006E-05
8.396,5.100,-0.275,3E-06,1.41205000000006E-05
8.496,5.200,-0.274,4E-06,1.45110000000007E-05
8.596,5.300,-0.273,5E-06,1.48945000000007E-05
8.696,5.400,-0.272,5E-06,1.52965000000007E-05
8.796,5.500,-0.271,5E-06,1.57115000000007E-05
8.896,5.600,-0.27,4E-06,1.61150000000007E-05
8.996,5.700,-0.269,4E-06,1.65250000000007E-05
9.096,5.800,-0.268,5E-06,1.69265000000008E-05
9.196,5.900,-0.267,5E-06,1.73605000000008E-05
9.296,6.000,-0.266,3E-06,1.77885000000008E-05
9.396,6.100,-0.265,4E-06,1.82120000000008E-05
9.496,6.200,-0.264,5E-06,1.86425000000008E-05
9.596,6.300,-0.263,3E-06,1.90745000000009E-05
9.696,6.400,-0.262,4E-06,1.95430000000009E-05
9.796,6.500,-0.261,5E-06,2.00005000000009E-05
9.896,6.600,-0.26,6E-06,2.04570000000009E-05
9.996,6.700,-0.259,4E-06,2.08950000000009E-05
10.096,6.800,-0.258,4E-06,2.1349000000001E-05
10.196,6.900,-0.257,5E-06,2.1801500000001E-05
10.296,7.000,-0.256,5E-06,2.2280500000001E-05
10.396,7.100,-0.255,6E-06,2.2753000000001E-05
10.496,7.200,-0.254,4E-06,2.3253000000001E-05
10.596,7.300,-0.253,6E-06,2.3751000000001E-05
10.696,7.400,-0.252,5E-06,2.4235500000001E-05
10.796,7.500,-0.251,5E-06,2.4709500000001E-05
10.896,7.600,-0.25,5E-06,2.5235500000001E-05
10.996,7.700,-0.249,5E-06,2.5759500000001E-05
11.096,7.800,-0.248,6E-06,2.6266000000001E-05
11.196,7.900,-0.247,5E-06,2.6787500000001E-05
11.296,8.000,-0.246,5E-06,2.7319500000001E-05
11.396,8.100,-0.245,6E-06,2.78750000000011E-05
11.496,8.200,-0.244,5E-06,2.8442500000001E-05
11.596,8.300,-0.243,5E-06,2.9009500000001E-05
11.696,8.400,-0.242,6E-06,2.9596000000001E-05
11.796,8.500,-0.241,6E-06,3.0181000000001E-05
11.896,8.600,-0.24,5E-06,3.0771500000001E-05
11.996,8.700,-0.239,5E-06,3.1338500000001E-05
12.096,8.800,-0.238,6E-06,3.19260000000011E-05
12.196,8.900,-0.237,5E-06,3.25265000000012E-05
12.296,9.000,-0.236,7E-06,3.31425000000012E-05
12.396,9.100,-0.235,7E-06,3.37625000000012E-05
12.496,9.200,-0.234,6E-06,3.43900000000012E-05
12.596,9.300,-0.233,5E-06,3.50065000000012E-05
12.696,9.400,-0.232,7E-06,3.56485000000012E-05
12.796,9.500,-0.231,6E-06,3.62850000000012E-05
12.896,9.600,-0.23,6E-06,3.69260000000013E-05
12.996,9.700,-0.229,7E-06,3.75875000000013E-05
13.096,9.800,-0.228,6E-06,3.82830000000013E-05
13.196,9.900,-0.227,6E-06,3.89510000000013E-05
13.296,10.000,-0.226,7E-06,3.96235000000013E-05
13.396,10.100,-0.225,7E-06,4.03075000000013E-05
13.496,10.200,-0.224,6E-06,4.10250000000013E-05
13.596,10.300,-0.223,7E-06,4.17335000000013E-05
13.696,10.400,-0.222,7E-06,4.24345000000013E-05
13.796,10.500,-0.221,7E-06,4.31625000000013E-05
13.896,10.600,-0.22,9E-06,4.38965000000014E-05
13.996,10.700,-0.219,7E-06,4.46505000000014E-05
14.096,10.800,-0.218,8E-06,4.54240000000014E-05
14.196,10.900,-0.217,8E-06,4.62140000000015E-05
14.296,11.000,-0.216,8E-06,4.69700000000016E-05
14.396,11.100,-0.215,8E-06,4.77370000000016E-05
14.496,11.200,-0.214,8E-06,4.85470000000016E-05
14.596,11.300,-0.213,9E-06,4.93815000000016E-05
14.696,11.400,-0.212,7E-06,5.02225000000017E-05
14.796,11.500,-0.211,9E-06,5.10415000000018E-05
14.896,11.600,-0.21,9E-06,5.18755000000018E-05
14.996,11.700,-0.209,8E-06,5.26920000000019E-05
15.096,11.800,-0.208,9E-06,5.35535000000019E-05
15.196,11.900,-0.207,9E-06,5.4426500000002E-05
15.296,12.000,-0.206,9E-06,5.5317500000002E-05
15.396,12.100,-0.205,8E-06,5.6237000000002E-05
15.496,12.200,-0.204,1E-05,5.7133000000002E-05
15.596,12.300,-0.203,9E-06,5.8076500000002E-05
15.696,12.400,-0.202,9E-06,5.89945000000021E-05
15.796,12.500,-0.201,1E-05,5.99370000000022E-05
15.896,12.600,-0.2,9E-06,6.08665000000021E-05
15.996,12.700,-0.199,1E-05,6.18050000000021E-05
16.096,12.800,-0.198,1E-05,6.2777000000002E-05
16.196,12.900,-0.197,1E-05,6.37660000000019E-05
16.296,13.000,-0.196,9E-06,6.47655000000019E-05
16.396,13.100,-0.195,1.1E-05,6.58135000000019E-05
16.496,13.200,-0.194,1.1E-05,6.68465000000019E-05
16.596,13.300,-0.193,1E-05,6.78810000000019E-05
16.696,13.400,-0.192,1.1E-05,6.89395000000019E-05
16.796,13.500,-0.191,1.1E-05,7.00175000000019E-05
16.896,13.600,-0.19,1.1E-05,7.1123500000002E-05
16.996,13.700,-0.189,1.2E-05,7.22050000000021E-05
17.096,13.800,-0.188,1E-05,7.32950000000021E-05
17.196,13.900,-0.187,1.1E-05,7.43935000000022E-05
17.296,14.000,-0.186,1.1E-05,7.55125000000023E-05
17.396,14.100,-0.185,1E-05,7.66500000000025E-05
17.496,14.200,-0.184,1.2E-05,7.77990000000027E-05
17.596,14.300,-0.183,1.1E-05,7.89775000000028E-05
17.696,14.400,-0.182,1.2E-05,8.01930000000029E-05
17.796,14.500,-0.181,1.3E-05,8.1420500000003E-05
17.896,14.600,-0.18,1.3E-05,8.2628500000003E-05
17.996,14.700,-0.179,1.2E-05,8.38320000000031E-05
18.096,14.800,-0.178,1.3E-05,8.50855000000031E-05
18.196,14.900,-0.177,1.2E-05,8.63690000000031E-05
18.296,15.000,-0.176,1.3E-05,8.7629500000003E-05
18.396,15.100,-0.175,1.3E-05,8.89095000000029E-05
18.496,15.200,-0.174,1.3E-05,9.02135000000029E-05
18.596,15.300,-0.173,1.4E-05,9.15430000000027E-05
18.696,15.400,-0.172,1.3E-05,9.28895000000026E-05
18.796,15.500,-0.171,1.4E-05,9.42620000000026E-05
18.896,15.600,-0.17,1.4E-05,9.56500000000025E-05
18.996,15.700,-0.169,1.3E-05,9.70605000000024E-05
19.096,15.800,-0.168,1.4E-05,9.84940000000025E-05
19.196,15.900,-0.167,1.4E-05,9.98970000000025E-05
19.296,16.000,-0.166,1.5E-05,0.000101317500000002
19.396,16.100,-0.165,1.4E-05,0.000102797000000002
19.496,16.200,-0.164,1.5E-05,0.000104273500000002
19.596,16.300,-0.163,1.7E-05,0.000105751500000002
19.696,16.400,-0.162,1.6E-05,0.000107265000000002
19.796,16.500,-0.161,1.3E-05,0.000108767500000002
19.896,16.600,-0.16,1.5E-05,0.000110305500000002
19.996,16.700,-0.159,1.5E-05,0.000111850500000003
20.096,16.800,-0.158,1.6E-05,0.000113418000000003
20.196,16.900,-0.157,1.6E-05,0.000115020000000003
20.296,17.000,-0.156,1.6E-05,0.000116619000000003
20.396,17.100,-0.155,1.6E-05,0.000118230000000003
20.496,17.200,-0.154,1.6E-05,0.000119879000000003
20.596,17.300,-0.153,1.8E-05,0.000121527000000003
20.696,17.400,-0.152,1.8E-05,0.000123218000000003
20.796,17.500,-0.151,1.7E-05,0.000124903500000003
20.896,17.600,-0.15,1.8E-05,0.000126600000000003
20.996,17.700,-0.149,1.8E-05,0.000128321000000003
21.096,17.800,-0.148,1.8E-05,0.000130064000000003
21.196,17.900,-0.147,1.8E-05,0.000131816000000003
21.296,18.000,-0.146,1.9E-05,0.000133609500000003
21.396,18.100,-0.145,1.9E-05,0.000135440500000002
21.496,18.200,-0.144,1.8E-05,0.000137266000000002
21.596,18.300,-0.143,1.9E-05,0.000139140500000002
21.696,18.400,-0.142,1.9E-05,0.000141018500000002
21.796,18.500,-0.141,2E-05,0.000142905000000002
21.896,18.600,-0.14,1.9E-05,0.000144838500000002
21.996,18.700,-0.139,2E-05,0.000146766000000002
22.096,18.800,-0.138,2.1E-05,0.000148737500000002
22.196,18.900,-0.137,2E-05,0.000150688000000002
22.296,19.000,-0.136,2.1E-05,0.000152710500000002
22.396,19.100,-0.135,2E-05,0.000154743000000002
22.496,19.200,-0.134,2E-05,0.000156799000000002
22.596,19.300,-0.133,2.1E-05,0.000158874500000002
22.696,19.400,-0.132,2.1E-05,0.000160914500000003
22.796,19.500,-0.131,2.2E-05,0.000163021000000002
22.896,19.600,-0.13,2.1E-05,0.000165135500000002
22.996,19.700,-0.129,2.2E-05,0.000167281000000002
23.096,19.800,-0.128,2.1E-05,0.000169413500000002
23.196,19.900,-0.127,2.3E-05,0.000171609500000002
23.296,20.000,-0.126,2.3E-05,0.000173844500000002
23.396,20.100,-0.125,2.2E-05,0.000176094000000002
23.496,20.200,-0.124,2.3E-05,0.000178337500000002
23.596,20.300,-0.123,2.3E-05,0.000180577500000002
23.696,20.400,-0.122,2.3E-05,0.000182876500000002
23.796,20.500,-0.121,2.4E-05,0.000185192000000002
23.896,20.600,-0.12,2.3E-05,0.000187519500000003
23.996,20.700,-0.119,2.4E-05,0.000189886000000003
24.096,20.800,-0.118,2.3E-05,0.000192275500000003
24.196,20.900,-0.117,2.5E-05,0.000194673500000003
24.296,21.000,-0.116,2.4E-05,0.000197116000000003
24.396,21.100,-0.115,2.6E-05,0.000199573000000003
24.496,21.200,-0.114,2.5E-05,0.000202042500000003
24.596,21.300,-0.113,2.5E-05,0.000204529500000003
24.696,21.400,-0.112,2.6E-05,0.000207001000000003
24.796,21.500,-0.111,2.5E-05,0.000209512500000004
24.896,21.600,-0.11,2.5E-05,0.000212049500000004
24.996,21.700,-0.109,2.7E-05,0.000214580500000004
25.096,21.800,-0.108,2.6E-05,0.000217177000000004
25.196,21.900,-0.107,2.6E-05,0.000219789000000005
25.296,22.000,-0.106,2.6E-05,0.000222396000000005
25.396,22.100,-0.105,2.7E-05,0.000225033500000005
25.496,22.200,-0.104,2.8E-05,0.000227698000000006
25.596,22.300,-0.103,2.6E-05,0.000230380000000006
25.696,22.400,-0.102,2.8E-05,0.000233106000000006
25.796,22.500,-0.101,2.7E-05,0.000235808500000007
25.896,22.600,-0.1,2.8E-05,0.000238559000000007
25.996,22.700,-0.099,2.7E-05,0.000241307500000007
26.096,22.800,-0.098,2.7E-05,0.000244070500000007
26.196,22.900,-0.097,2.9E-05,0.000246880500000006
26.296,23.000,-0.096,2.8E-05,0.000249689000000005
26.396,23.100,-0.095,2.7E-05,0.000252543500000004
26.496,23.200,-0.094,2.9E-05,0.000255436500000003
26.596,23.300,-0.093,2.9E-05,0.000258339500000002
26.696,23.400,-0.092,3E-05,0.000261282000000001
26.796,23.500,-0.091,2.9E-05,0.000264250500000001
26.896,23.600,-0.09,2.8E-05,0.000267224000000001
26.996,23.700,-0.089,3E-05,0.000270202000000001
27.096,23.800,-0.088,3E-05,0.000273222000000001
27.196,23.900,-0.087,3E-05,0.000276255000000001
27.296,24.000,-0.086,3E-05,0.000279287000000002
27.396,24.100,-0.085,3.1E-05,0.000282338500000002
27.496,24.200,-0.084,3.2E-05,0.000285403000000003
27.596,24.300,-0.083,3E-05,0.000288503000000004
27.696,24.400,-0.082,3.2E-05,0.000291616000000004
27.796,24.500,-0.081,3.1E-05,0.000294754500000004
27.896,24.600,-0.08,3.2E-05,0.000297966000000004
27.996,24.700,-0.079,3.2E-05,0.000301123000000003
28.096,24.800,-0.078,3.2E-05,0.000304336000000003
28.196,24.900,-0.077,3.2E-05,0.000307549000000002
28.296,25.000,-0.076,3.3E-05,0.000310780500000001
28.396,25.100,-0.075,3.3E-05,0.0003140215
28.496,25.200,-0.074,3.2E-05,0.000317292999999999
28.596,25.300,-0.073,3.4E-05,0.000320585999999998
28.696,25.400,-0.072,3.3E-05,0.000323934499999998
28.796,25.500,-0.071,3.3E-05,0.000327279499999998
28.896,25.600,-0.07,3.4E-05,0.000330642999999998
28.996,25.700,-0.069,3.4E-05,0.000334049999999999
29.096,25.800,-0.068,3.5E-05,0.000337453499999999
29.196,25.900,-0.067,3.7E-05,0.0003408985
29.296,26.000,-0.066,3.6E-05,0.000344387
29.396,26.100,-0.065,3.5E-05,0.0003478715
29.496,26.200,-0.064,3.5E-05,0.000351369500000001
29.596,26.300,-0.063,3.6E-05,0.000354877
29.696,26.400,-0.062,3.6E-05,0.000358424
29.796,26.500,-0.061,3.6E-05,0.000361974
29.896,26.600,-0.06,3.6E-05,0.000365539
29.996,26.700,-0.059,3.8E-05,0.000369126999999999
30.096,26.800,-0.058,3.7E-05,0.000372759499999999
30.196,26.900,-0.057,3.6E-05,0.000376373999999998
30.296,27.000,-0.056,3.6E-05,0.000380011999999998
30.396,27.100,-0.055,3.7E-05,0.000383676499999997
30.496,27.200,-0.054,3.8E-05,0.000387388999999997
30.596,27.300,-0.053,3.7E-05,0.000391084499999996
30.696,27.400,-0.052,3.7E-05,0.000394823499999996
30.796,27.500,-0.051,3.7E-05,0.000398573499999996
30.896,27.600,-0.05,3.7E-05,0.000402318499999996
30.996,27.700,-0.049,3.7E-05,0.000406111499999997
31.096,27.800,-0.048,3.8E-05,0.000409890999999997
31.196,27.900,-0.047,3.9E-05,0.000413700499999997
31.296,28.000,-0.046,3.8E-05,0.000417556999999998
31.396,28.100,-0.045,3.8E-05,0.000421406999999998
31.496,28.200,-0.044,3.9E-05,0.000425282499999999
31.596,28.300,-0.043,3.9E-05,0.000429179499999999
31.696,28.400,-0.042,4E-05,0.00043309
31.796,28.500,-0.041,3.9E-05,0.0004370355
31.896,28.600,-0.04,4.1E-05,0.0004410045
31.996,28.700,-0.039,4.1E-05,0.0004449645
32.096,28.800,-0.038,4E-05,0.000448968
32.196,28.900,-0.037,4.1E-05,0.0004529885
32.296,29.000,-0.036,3.9E-05,0.000457005499999999
32.396,29.100,-0.035,3.9E-05,0.000461045499999999
32.496,29.200,-0.034,4.2E-05,0.000465122999999999
32.596,29.300,-0.033,4E-05,0.000469166999999998
32.696,29.400,-0.032,4.1E-05,0.000473259499999998
32.796,29.500,-0.031,4.1E-05,0.000477376499999998
32.896,29.600,-0.03,4.1E-05,0.000481497499999997
32.996,29.700,-0.029,4.2E-05,0.000485639999999997
33.096,29.800,-0.028,4.2E-05,0.000489814999999997
33.196,29.900,-0.027,4.2E-05,0.000494029999999996
33.296,30.000,-0.026,4.2E-05,0.000498245999999995
33.396,30.100,-0.025,4.2E-05,0.000502463999999994
33.496,30.200,-0.024,4.3E-05,0.000506733499999993
33.596,30.300,-0.023,4.4E-05,0.000511020999999992
33.696,30.400,-0.022,4.3E-05,0.000515264499999991
33.796,30.500,-0.021,4.4E-05,0.00051954099999999
33.896,30.600,-0.02,4.4E-05,0.000523851999999989
33.996,30.700,-0.019,4.3E-05,0.000528167499999988
34.096,30.800,-0.018,4.4E-05,0.000532483999999987
34.196,30.900,-0.017,4.4E-05,0.000536823999999987
34.296,31.000,-0.016,4.5E-05,0.000541205499999987
34.396,31.100,-0.015,4.5E-05,0.000545609499999986
34.496,31.200,-0.014,4.4E-05,0.000550019999999987
34.596,31.300,-0.013,4.4E-05,0.000554453999999987
34.696,31.400,-0.012,4.4E-05,0.000558904999999987
34.796,31.500,-0.011,4.5E-05,0.000563401499999986
34.896,31.600,-0.01,4.6E-05,0.000567892999999985
34.996,31.700,-0.009,4.7E-05,0.000572395499999984
35.096,31.800,-0.008,4.5E-05,0.000576903499999983
35.196,31.900,-0.007,4.5E-05,0.000581436499999983
35.296,32.000,-0.006,4.7E-05,0.000586002499999982
35.396,32.100,-0.005,4.6E-05,0.00059056499999998
35.496,32.200,-0.004,4.7E-05,0.000595132499999977
35.596,32.300,-0.003,4.7E-05,0.000599724499999975
35.696,32.400,-0.002,4.5E-05,0.000604281499999972
35.796,32.500,-0.001,4.7E-05,0.00060889349999997
35.896,32.600,0,4.6E-05,0.000613563999999968
35.996,32.700,0.001,4.7E-05,0.000618212499999966
36.096,32.800,0.002,4.7E-05,0.000622883499999964
36.196,32.900,0.003,4.7E-05,0.000627582499999963
36.296,33.000,0.004,4.8E-05,0.000632283999999962
36.396,33.100,0.005,4.8E-05,0.000637025999999961
36.496,33.200,0.006,4.7E-05,0.00064176449999996
36.596,33.300,0.007,4.9E-05,0.00064651149999996
36.696,33.400,0.008,4.8E-05,0.00065128499999996
36.796,33.500,0.009,4.7E-05,0.00065608149999996
36.896,33.600,0.01,4.9E-05,0.00066088349999996
36.996,33.700,0.011,4.9E-05,0.000665713499999959
37.096,33.800,0.012,4.7E-05,0.000670567499999959
37.196,33.900,0.013,5E-05,0.00067544399999996
37.296,34.000,0.014,5E-05,0.000680360999999961
37.396,34.100,0.015,5E-05,0.000685289999999961
37.496,34.200,0.016,4.9E-05,0.000690184499999962
37.596,34.300,0.017,5E-05,0.000695102999999962
37.696,34.400,0.018,4.9E-05,0.000700023499999962
37.796,34.500,0.019,5.1E-05,0.000704962499999963
37.896,34.600,0.02,5E-05,0.000709920999999964
37.996,34.700,0.021,5E-05,0.000714889999999964
38.096,34.800,0.022,5E-05,0.000719890999999964
38.196,34.900,0.023,5.1E-05,0.000724899499999965
38.296,35.000,0.024,5E-05,0.000729890999999965
38.396,35.100,0.025,5.1E-05,0.000734890499999965
38.496,35.200,0.026,5E-05,0.000739934999999964
38.596,35.300,0.027,4.9E-05,0.000744975499999964
38.696,35.400,0.028,5.1E-05,0.000750026499999963
38.796,35.500,0.029,5.1E-05,0.000755102499999962
38.896,35.600,0.03,5E-05,0.00076020299999996
38.996,35.700,0.031,5.2E-05,0.000765333999999958
39.096,35.800,0.032,5.1E-05,0.000770423499999957
39.196,35.900,0.033,5.2E-05,0.000775552999999956
39.296,36.000,0.034,5.2E-05,0.000780714999999955
39.396,36.100,0.035,5.2E-05,0.000785896999999953
39.496,36.200,0.036,5.1E-05,0.000791091499999951
39.596,36.300,0.037,5.3E-05,0.00079629049999995
39.696,36.400,0.038,5.3E-05,0.000801489499999949
39.796,36.500,0.039,5.2E-05,0.000806727999999948
39.896,36.600,0.04,5.3E-05,0.000811952499999948
39.996,36.700,0.041,5.2E-05,0.000817253999999948
40.096,36.800,0.042,5.3E-05,0.000822486499999947
40.196,36.900,0.043,5.3E-05,0.000827782499999948
40.296,37.000,0.044,5.2E-05,0.000833090999999949
40.396,37.100,0.045,5.2E-05,0.000838399999999949
40.496,37.200,0.046,5.4E-05,0.000843717999999949
40.596,37.300,0.047,5.2E-05,0.00084905399999995
40.696,37.400,0.048,5.3E-05,0.000854402499999951
40.796,37.500,0.049,5.4E-05,0.000859752999999952
40.896,37.600,0.05,5.3E-05,0.000865100499999952
40.996,37.700,0.051,5.4E-05,0.000870465999999953
41.096,37.800,0.052,5.5E-05,0.000875876499999954
41.196,37.900,0.053,5.5E-05,0.000881294499999955
41.296,38.000,0.054,5.3E-05,0.000886718499999955
41.396,38.100,0.055,5.5E-05,0.000892164499999956
41.496,38.200,0.056,5.5E-05,0.000897604499999956
41.596,38.300,0.057,5.4E-05,0.000903092999999956
41.696,38.400,0.058,5.5E-05,0.000908588499999956
41.796,38.500,0.059,5.4E-05,0.000914066999999956
41.896,38.600,0.06,5.6E-05,0.000919583999999956
41.996,38.700,0.061,5.5E-05,0.000925142499999956
42.096,38.800,0.062,5.5E-05,0.000930676499999956
42.196,38.900,0.063,5.6E-05,0.000936241999999956
42.296,39.000,0.064,5.6E-05,0.000941801999999956
42.396,39.100,0.065,5.6E-05,0.000947396999999956
42.496,39.200,0.066,5.6E-05,0.000952993999999955
42.596,39.300,0.067,5.7E-05,0.000958601499999955
42.696,39.400,0.068,5.6E-05,0.000964246999999954
42.796,39.500,0.069,5.7E-05,0.000969865499999953
42.896,39.600,0.07,5.5E-05,0.000975521499999952
42.996,39.700,0.071,5.6E-05,0.000981160999999952
43.096,39.800,0.072,5.7E-05,0.000986821499999952
43.196,39.900,0.073,5.8E-05,0.000992499999999952
43.296,40.000,0.074,5.6E-05,0.000998204999999954
43.396,40.100,0.075,5.7E-05,0.00100388949999995
43.496,40.200,0.076,5.7E-05,0.00100963249999996
43.596,40.300,0.077,5.8E-05,0.00101536899999996
43.696,40.400,0.078,5.7E-05,0.00102111349999996
43.796,40.500,0.079,5.8E-05,0.00102687499999996
43.896,40.600,0.08,5.8E-05,0.00103263199999996
43.996,40.700,0.081,5.8E-05,0.00103843399999996
44.096,40.800,0.082,5.9E-05,0.00104425149999996
44.196,40.900,0.083,5.8E-05,0.00105010099999997
44.296,41.000,0.084,5.8E-05,0.00105593199999997
44.396,41.100,0.085,5.9E-05,0.00106178049999997
44.496,41.200,0.086,5.9E-05,0.00106764249999997
44.596,41.300,0.087,5.9E-05,0.00107349949999998
44.696,41.400,0.088,5.9E-05,0.00107940449999998
44.796,41.500,0.089,5.9E-05,0.00108529649999998
44.896,41.600,0.09,5.9E-05,0.00109118349999999
44.996,41.700,0.091,6E-05,0.00109709199999999
45.096,41.800,0.092,6E-05,0.001103013
45.196,41.900,0.093,6E-05,0.001108968
45.296,42.000,0.094,6E-05,0.00111492
45.396,42.100,0.095,6E-05,0.00112086800000001
45.496,42.200,0.096,5.9E-05,0.00112681950000001
45.596,42.300,0.097,6.1E-05,0.00113279950000001
45.696,42.400,0.098,6E-05,0.00113877300000001
45.796,42.500,0.099,5.9E-05,0.00114474550000001
45.896,42.600,0.1,6.1E-05,0.00115076650000001
45.996,42.700,0.101,6E-05,0.00115677400000001
46.096,42.800,0.102,6E-05,0.00116275600000001
46.196,42.900,0.103,6.1E-05,0.00116881350000001
46.296,43.000,0.104,6E-05,0.00117489100000001
46.396,43.100,0.105,6.1E-05,0.00118093650000001
46.496,43.200,0.106,6E-05,0.00118698
46.596,43.300,0.107,6E-05,0.001193037
46.696,43.400,0.108,6.2E-05,0.00119911699999999
46.796,43.500,0.109,6E-05,0.00120522499999999
46.896,43.600,0.11,6.1E-05,0.00121134149999999
46.996,43.700,0.111,6.2E-05,0.00121746699999999
47.096,43.800,0.112,6.2E-05,0.00122359999999999
47.196,43.900,0.113,6.2E-05,0.00122976299999998
47.296,44.000,0.114,6.3E-05,0.00123592249999998
47.396,44.100,0.115,6.2E-05,0.00124207499999998
47.496,44.200,0.116,6.4E-05,0.00124827199999998
47.596,44.300,0.117,6.3E-05,0.00125448249999998
47.696,44.400,0.118,6.2E-05,0.00126068699999998
47.796,44.500,0.119,6.2E-05,0.00126691899999998
47.896,44.600,0.12,6.3E-05,0.00127314149999998
47.996,44.700,0.121,6.2E-05,0.00127938899999998
48.096,44.800,0.122,6.2E-05,0.00128559199999998
48.196,44.900,0.123,6.2E-05,0.00129183599999997
48.296,45.000,0.124,6.3E-05,0.00129810149999997
48.396,45.100,0.125,6.3E-05,0.00130440749999997
48.496,45.200,0.126,6.4E-05,0.00131069999999997
48.596,45.300,0.127,6.4E-05,0.00131701199999997
48.696,45.400,0.128,6.3E-05,0.00132331549999997
48.796,45.500,0.129,6.3E-05,0.00132959749999997
48.896,45.600,0.13,6.4E-05,0.00133594199999997
48.996,45.700,0.131,6.5E-05,0.00134228249999997
49.096,45.800,0.132,6.3E-05,0.00134861549999997
49.196,45.900,0.133,6.4E-05,0.00135497399999997
49.296,46.000,0.134,6.4E-05,0.00136134399999997
49.396,46.100,0.135,6.5E-05,0.00136774249999997
49.496,46.200,0.136,6.4E-05,0.00137411299999997
49.596,46.300,0.137,6.5E-05,0.00138051749999997
49.696,46.400,0.138,6.5E-05,0.00138696049999997
49.796,46.500,0.139,6.3E-05,0.00139337649999997
49.896,46.600,0.14,6.4E-05,0.00139983099999997
49.996,46.700,0.141,6.5E-05,0.00140628749999997
50.096,46.800,0.142,6.5E-05,0.00141274049999997
50.196,46.900,0.143,6.4E-05,0.00141920799999997
50.296,47.000,0.144,6.4E-05,0.00142570799999997
50.396,47.100,0.145,6.5E-05,0.00143216449999997
50.496,47.200,0.146,6.5E-05,0.00143865249999997
50.596,47.300,0.147,6.5E-05,0.00144513649999997
50.696,47.400,0.148,6.4E-05,0.00145163599999997
50.796,47.500,0.149,6.4E-05,0.00145814699999997
50.896,47.600,0.15,6.5E-05,0.00146468249999996
50.996,47.700,0.151,6.5E-05,0.00147121549999996
51.096,47.800,0.152,6.8E-05,0.00147776299999996
51.196,47.900,0.153,6.6E-05,0.00148432799999996
51.296,48.000,0.154,6.6E-05,0.00149087199999996
51.396,48.100,0.155,6.7E-05,0.00149744249999995
51.496,48.200,0.156,6.6E-05,0.00150401099999995
51.596,48.300,0.157,6.6E-05,0.00151062399999995
51.696,48.400,0.158,6.7E-05,0.00151720949999994
51.796,48.500,0.159,6.5E-05,0.00152381649999994
51.896,48.600,0.16,6.7E-05,0.00153044649999994
51.996,48.700,0.161,6.6E-05,0.00153706399999994
52.096,48.800,0.162,6.7E-05,0.00154369049999994
52.196,48.900,0.163,6.7E-05,0.00155033649999993
52.296,49.000,0.164,6.7E-05,0.00155701649999993
52.396,49.100,0.165,6.7E-05,0.00156367949999993
52.496,49.200,0.166,6.8E-05,0.00157036799999993
52.596,49.300,0.167,6.6E-05,0.00157706399999993
52.696,49.400,0.168,6.7E-05,0.00158376649999993
52.796,49.500,0.169,6.8E-05,0.00159049499999993
52.896,49.600,0.17,6.8E-05,0.00159721999999993
52.996,49.700,0.171,6.7E-05,0.00160392249999993
53.096,49.800,0.172,6.8E-05,0.00161066499999992
53.196,49.900,0.173,6.8E-05,0.00161741799999993
53.296,50.000,0.174,6.8E-05,0.00162414999999992
53.396,50.100,0.175,6.6E-05,0.00163088399999992
53.496,50.200,0.176,6.8E-05,0.00163763999999992
53.596,50.300,0.177,6.8E-05,0.00164438899999992
53.696,50.400,0.178,6.9E-05,0.00165117549999993
53.796,50.500,0.179,6.9E-05,0.00165798249999993
53.896,50.600,0.18,6.9E-05,0.00166478849999993
53.996,50.700,0.181,6.8E-05,0.00167161599999993
54.096,50.800,0.182,6.9E-05,0.00167842449999993
54.196,50.900,0.183,6.8E-05,0.00168526399999993
54.296,51.000,0.184,7E-05,0.00169211799999993
54.396,51.100,0.185,6.9E-05,0.00169897849999993
54.496,51.200,0.186,7E-05,0.00170582999999993
54.596,51.300,0.187,6.9E-05,0.00171270249999993
54.696,51.400,0.188,6.9E-05,0.00171956849999993
54.796,51.500,0.189,6.8E-05,0.00172645599999993
54.896,51.600,0.19,7E-05,0.00173333899999994
54.996,51.700,0.191,6.9E-05,0.00174023249999994
55.096,51.800,0.192,6.9E-05,0.00174710349999994
55.196,51.900,0.193,6.9E-05,0.00175403849999994
55.296,52.000,0.194,6.9E-05,0.00176094749999994
55.396,52.100,0.195,6.9E-05,0.00176788749999994
55.496,52.200,0.196,6.9E-05,0.00177480349999994
55.596,52.300,0.197,7E-05,0.00178176899999994
55.696,52.400,0.198,6.9E-05,0.00178870849999994
55.796,52.500,0.199,7E-05,0.00179566399999994
55.896,52.600,0.2,6.8E-05,0.00180258999999994
55.996,52.700,0.201,6.9E-05,0.00180954049999994
56.096,52.800,0.202,7E-05,0.00181650099999993
56.196,52.900,0.203,7E-05,0.00182349699999993
56.296,53.000,0.204,7.1E-05,0.00183048949999993
56.396,53.100,0.205,7E-05,0.00183751199999993
56.496,53.200,0.206,7E-05,0.00184449499999993
56.596,53.300,0.207,7.1E-05,0.00185150449999993
56.696,53.400,0.208,7.1E-05,0.00185852749999993
56.796,53.500,0.209,7E-05,0.00186555999999992
56.896,53.600,0.21,6.9E-05,0.00187257449999992
56.996,53.700,0.211,7E-05,0.00187959199999992
57.096,53.800,0.212,6.9E-05,0.00188663149999992
57.196,53.900,0.213,7E-05,0.00189367099999992
57.296,54.000,0.214,7.1E-05,0.00190073249999992
57.396,54.100,0.215,6.9E-05,0.00190780249999992
57.496,54.200,0.216,7.1E-05,0.00191490549999992
57.596,54.300,0.217,7.2E-05,0.00192198699999993
57.696,54.400,0.218,7.1E-05,0.00192911249999993
57.796,54.500,0.219,7.2E-05,0.00193617699999993
57.896,54.600,0.22,7.1E-05,0.00194329949999993
57.996,54.700,0.221,7.2E-05,0.00195038699999994
58.096,54.800,0.222,7.1E-05,0.00195748649999994
58.196,54.900,0.223,7.2E-05,0.00196461099999994
58.296,55.000,0.224,7.1E-05,0.00197173449999995
58.396,55.100,0.225,7.2E-05,0.00197886599999995
58.496,55.200,0.226,7.2E-05,0.00198604099999995
58.596,55.300,0.227,7.1E-05,0.00199319449999995
58.696,55.400,0.228,7E-05,0.00200032599999995
58.796,55.500,0.229,7.2E-05,0.00200751299999995
58.896,55.600,0.23,7.2E-05,0.00201466199999995
58.996,55.700,0.231,7.3E-05,0.00202185049999995
59.096,55.800,0.232,7.1E-05,0.00202903249999995
59.196,55.900,0.233,7.2E-05,0.00203623299999995
59.296,56.000,0.234,7.3E-05,0.00204339849999995
59.396,56.100,0.235,7.4E-05,0.00205055999999995
59.496,56.200,0.236,7.2E-05,0.00205776899999995
59.596,56.300,0.237,7E-05,0.00206496199999995
59.696,56.400,0.238,7.2E-05,0.00207214599999995
59.796,56.500,0.239,7.2E-05,0.00207935699999994
59.896,56.600,0.24,7.2E-05,0.00208657699999994
59.996,56.700,0.241,7.2E-05,0.00209382999999994
60.096,56.800,0.242,7.2E-05,0.00210105699999994
60.196,56.900,0.243,7.2E-05,0.00210826999999994
60.296,57.000,0.244,7.2E-05,0.00211552499999993
60.396,57.100,0.245,7.4E-05,0.00212282399999993
60.496,57.200,0.246,7.4E-05,0.00213011899999993
60.596,57.300,0.247,7.3E-05,0.00213741249999992
60.696,57.400,0.248,7.3E-05,0.00214467649999992
60.796,57.500,0.249,7.3E-05,0.00215194649999991
60.896,57.600,0.25,7.3E-05,0.00215922349999991
60.996,57.700,0.251,7.2E-05,0.0021665339999999
61.096,57.800,0.252,7.3E-05,0.0021738054999999
61.196,57.900,0.253,7.2E-05,0.00218113299999989
61.296,58.000,0.254,7.2E-05,0.00218842999999989
61.396,58.100,0.255,7.4E-05,0.00219570899999988
61.496,58.200,0.256,7.2E-05,0.00220300099999988
61.596,58.300,0.257,7.4E-05,0.00221031999999987
61.696,58.400,0.258,7.2E-05,0.00221765499999987
61.796,58.500,0.259,7.4E-05,0.00222499999999986
61.896,58.600,0.26,7.4E-05,0.00223236099999986
61.996,58.700,0.261,7.3E-05,0.00223969849999985
62.096,58.800,0.262,7.3E-05,0.00224702549999985
62.196,58.900,0.263,7.4E-05,0.00225441499999985
62.296,59.000,0.264,7.3E-05,0.00226180149999984
62.396,59.100,0.265,7.4E-05,0.00226917199999984
62.496,59.200,0.266,7.5E-05,0.00227655649999983
62.596,59.300,0.267,7.5E-05,0.00228396249999983
62.696,59.400,0.268,7.4E-05,0.00229134999999983
62.796,59.500,0.269,7.5E-05,0.00229878649999983
62.896,59.600,0.27,7.4E-05,0.00230621299999982
62.996,59.700,0.271,7.4E-05,0.00231361499999982
63.096,59.800,0.272,7.5E-05,0.00232102449999982
63.196,59.900,0.273,7.5E-05,0.00232844249999981
63.296,60.000,0.274,7.5E-05,0.00233586849999981
63.396,60.100,0.275,7.5E-05,0.00234329849999981
63.496,60.200,0.276,7.4E-05,0.00235073299999981
63.596,60.300,0.277,7.5E-05,0.00235816749999981
63.696,60.400,0.278,7.5E-05,0.00236563249999982
63.796,60.500,0.279,7.5E-05,0.00237311749999982
63.896,60.600,0.28,7.5E-05,0.00238056349999982
63.996,60.700,0.281,7.4E-05,0.00238804699999982
64.096,60.800,0.282,7.3E-05,0.00239551549999983
64.196,60.900,0.283,7.5E-05,0.00240299449999983
64.296,61.000,0.284,7.6E-05,0.00241049199999983
64.396,61.100,0.285,7.6E-05,0.00241799499999983
64.496,61.200,0.286,7.5E-05,0.00242549849999984
64.596,61.300,0.287,7.4E-05,0.00243303499999984
64.696,61.400,0.288,7.6E-05,0.00244050899999984
64.796,61.500,0.289,7.5E-05,0.00244805349999984
64.896,61.600,0.29,7.4E-05,0.00245555099999985
64.996,61.700,0.291,7.6E-05,0.00246306599999985
65.096,61.800,0.292,7.6E-05,0.00247060299999985
65.196,61.900,0.293,7.5E-05,0.00247814949999986
65.296,62.000,0.294,7.5E-05,0.00248568249999986
65.396,62.100,0.295,7.6E-05,0.00249325499999986
65.496,62.200,0.296,7.5E-05,0.00250079449999987
65.596,62.300,0.297,7.6E-05,0.00250834699999987
65.696,62.400,0.298,7.6E-05,0.00251587999999988
65.796,62.500,0.299,7.5E-05,0.00252347649999988
65.896,62.600,0.3,7.5E-05,0.00253107049999988
65.996,62.700,0.301,7.7E-05,0.00253865049999988
66.096,62.800,0.302,7.6E-05,0.00254624599999988
66.196,62.900,0.303,7.6E-05,0.00255384099999989
66.296,63.000,0.304,7.6E-05,0.00256145299999989
66.396,63.100,0.305,7.5E-05,0.00256906849999989
66.496,63.200,0.306,7.6E-05,0.00257669399999989
66.596,63.300,0.307,7.6E-05,0.00258426799999989
66.696,63.400,0.308,7.7E-05,0.00259186749999989
66.796,63.500,0.309,7.5E-05,0.00259948049999989
66.896,63.600,0.31,7.6E-05,0.00260710499999989
66.996,63.700,0.311,7.6E-05,0.00261472399999988
67.096,63.800,0.312,7.6E-05,0.00262233199999988
67.196,63.900,0.313,7.7E-05,0.00262995349999989
67.296,64.000,0.314,7.8E-05,0.00263758899999989
67.396,64.100,0.315,7.6E-05,0.00264525599999989
67.496,64.200,0.316,7.6E-05,0.00265290699999989
67.596,64.300,0.317,7.7E-05,0.00266058149999989
67.696,64.400,0.318,7.7E-05,0.00266826149999989
67.796,64.500,0.319,7.8E-05,0.00267594199999989
67.896,64.600,0.32,7.7E-05,0.00268361949999989
67.996,64.700,0.321,7.7E-05,0.00269134749999989
68.096,64.800,0.322,7.7E-05,0.00269902749999989
68.196,64.900,0.323,7.8E-05,0.00270670499999989
68.296,65.000,0.324,7.7E-05,0.00271442049999989
68.396,65.100,0.325,7.8E-05,0.00272213999999989
68.496,65.200,0.326,7.7E-05,0.00272980149999989
68.596,65.300,0.327,7.8E-05,0.0027375359999999
68.696,65.400,0.328,7.6E-05,0.0027452489999999
68.796,65.500,0.329,7.8E-05,0.0027529689999999
68.896,65.600,0.33,7.9E-05,0.0027606694999999
68.996,65.700,0.331,7.7E-05,0.00276840449999991
69.096,65.800,0.332,7.7E-05,0.00277613749999991
69.196,65.900,0.333,7.7E-05,0.00278386149999991
69.296,66.000,0.334,7.8E-05,0.00279162499999992
69.396,66.100,0.335,7.7E-05,0.00279938049999992
69.496,66.200,0.336,7.7E-05,0.00280711449999992
69.596,66.300,0.337,7.8E-05,0.00281485099999993
69.696,66.400,0.338,7.8E-05,0.00282260999999993
69.796,66.500,0.339,7.7E-05,0.00283043149999994
69.896,66.600,0.34,7.8E-05,0.00283820899999995
69.996,66.700,0.341,7.9E-05,0.00284594049999995
70.096,66.800,0.342,7.9E-05,0.00285374849999995
70.196,66.900,0.343,7.8E-05,0.00286154599999996
70.296,67.000,0.344,7.8E-05,0.00286938299999997
70.396,67.100,0.345,7.9E-05,0.00287720349999997
70.496,67.200,0.346,7.8E-05,0.00288500799999998
70.596,67.300,0.347,7.8E-05,0.00289282399999999
70.696,67.400,0.348,7.8E-05,0.00290064899999999
70.796,67.500,0.349,7.9E-05,0.0029084705
70.896,67.600,0.35,7.9E-05,0.00291626550000001
70.996,67.700,0.351,7.7E-05,0.00292409250000002
71.096,67.800,0.352,7.8E-05,0.00293194100000002
71.196,67.900,0.353,7.9E-05,0.00293977250000003
71.296,68.000,0.354,7.8E-05,0.00294763000000004
71.396,68.100,0.355,7.9E-05,0.00295544650000004
71.496,68.200,0.356,7.9E-05,0.00296330050000005
71.596,68.300,0.357,7.9E-05,0.00297117450000005
71.696,68.400,0.358,7.9E-05,0.00297905350000006
71.796,68.500,0.359,7.9E-05,0.00298690950000006
71.896,68.600,0.36,7.7E-05,0.00299480250000007
71.996,68.700,0.361,8E-05,0.00300266900000007
72.096,68.800,0.362,7.9E-05,0.00301055550000008
72.196,68.900,0.363,7.9E-05,0.00301845550000008
72.296,69.000,0.364,7.9E-05,0.00302634550000008
72.396,69.100,0.365,8E-05,0.00303423200000009
72.496,69.200,0.366,7.9E-05,0.00304217050000009
72.596,69.300,0.367,8E-05,0.00305009500000009
72.696,69.400,0.368,8E-05,0.00305803800000009
72.796,69.500,0.369,7.9E-05,0.00306598450000009
72.896,69.600,0.37,7.9E-05,0.00307393550000009
72.996,69.700,0.371,8.1E-05,0.00308187650000009
73.096,69.800,0.372,7.9E-05,0.00308983750000009
73.196,69.900,0.373,8E-05,0.00309779900000009
73.296,70.000,0.374,8E-05,0.0031057220000001
73.396,70.100,0.375,7.9E-05,0.00311370350000009
73.496,70.200,0.376,8E-05,0.00312169600000009
73.596,70.300,0.377,8.1E-05,0.00312965750000009
73.696,70.400,0.378,8E-05,0.00313764700000009
73.796,70.500,0.379,8E-05,0.00314565600000009
73.896,70.600,0.38,8.1E-05,0.00315362850000009
73.996,70.700,0.381,8.1E-05,0.00316163150000009
74.096,70.800,0.382,8E-05,0.00316962400000009
74.196,70.900,0.383,8.1E-05,0.00317763350000009
74.296,71.000,0.384,8E-05,0.00318562200000009
74.396,71.100,0.385,8E-05,0.00319364300000009
74.496,71.200,0.386,8E-05,0.00320166600000009
74.596,71.300,0.387,8E-05,0.00320964800000009
74.696,71.400,0.388,8E-05,0.00321764400000009
74.796,71.500,0.389,8E-05,0.00322568100000009
74.896,71.600,0.39,8E-05,0.00323374300000009
74.996,71.700,0.391,7.9E-05,0.00324176350000009
75.096,71.800,0.392,8.2E-05,0.00324982200000009
75.196,71.900,0.393,8.1E-05,0.00325790350000009
75.296,72.000,0.394,8E-05,0.00326598500000009
75.396,72.100,0.395,8.1E-05,0.00327406450000009
75.496,72.200,0.396,8.1E-05,0.00328214050000009
75.596,72.300,0.397,8E-05,0.00329020500000009
75.696,72.400,0.398,8.1E-05,0.00329829550000009
75.796,72.500,0.399,8.1E-05,0.00330636850000009
75.896,72.600,0.4,8.1E-05,0.00331448550000009
75.996,72.700,0.401,8E-05,0.00332261700000009
76.096,72.800,0.402,8.2E-05,0.00333070300000009
76.196,72.900,0.403,8E-05,0.00333881300000008
76.296,73.000,0.404,8.3E-05,0.00334692350000008
76.396,73.100,0.405,8E-05,0.00335505700000008
76.496,73.200,0.406,8.1E-05,0.00336319350000008
76.596,73.300,0.407,8E-05,0.00337131200000008
76.696,73.400,0.408,8.1E-05,0.00337943450000008
76.796,73.500,0.409,8.2E-05,0.00338754700000008
76.896,73.600,0.41,8.1E-05,0.00339570150000007
76.996,73.700,0.411,8.1E-05,0.00340385050000008
77.096,73.800,0.412,8.2E-05,0.00341197700000007
77.196,73.900,0.413,8.2E-05,0.00342012100000007
77.296,74.000,0.414,8.2E-05,0.00342829000000007
77.396,74.100,0.415,8.3E-05,0.00343646050000007
77.496,74.200,0.416,8.3E-05,0.00344464350000007
77.596,74.300,0.417,8.2E-05,0.00345281400000007
77.696,74.400,0.418,8.3E-05,0.00346101750000006
77.796,74.500,0.419,8.1E-05,0.00346921750000006
77.896,74.600,0.42,8.3E-05,0.00347743550000007
77.996,74.700,0.421,8.1E-05,0.00348565750000006
78.096,74.800,0.422,8.2E-05,0.00349384300000006
78.196,74.900,0.423,8.2E-05,0.00350206300000006
78.296,75.000,0.424,8.2E-05,0.00351030300000006
78.396,75.100,0.425,8.2E-05,0.00351852300000006
78.496,75.200,0.426,8.2E-05,0.00352675100000006
78.596,75.300,0.427,8.1E-05,0.00353497950000006
78.696,75.400,0.428,8.2E-05,0.00354320600000006
78.796,75.500,0.429,8.3E-05,0.00355143650000006
78.896,75.600,0.43,8.2E-05,0.00355965900000006
78.996,75.700,0.431,8.3E-05,0.00356788250000006
79.096,75.800,0.432,8.2E-05,0.00357614500000006
79.196,75.900,0.433,8.2E-05,0.00358439300000006
79.296,76.000,0.434,8.4E-05,0.00359267900000006
79.396,76.100,0.435,8.3E-05,0.00360093850000006
79.496,76.200,0.436,8.3E-05,0.00360923950000007
79.596,76.300,0.437,8.4E-05,0.00361753500000007
79.696,76.400,0.438,8.3E-05,0.00362584150000008
79.796,76.500,0.439,8.3E-05,0.00363413350000008
79.896,76.600,0.44,8.4E-05,0.00364242700000008
79.996,76.700,0.441,8.4E-05,0.00365073200000009
80.096,76.800,0.442,8.2E-05,0.00365905700000009
80.196,76.900,0.443,8.3E-05,0.00366733550000009
80.296,77.000,0.444,8.4E-05,0.00367564800000009
80.396,77.100,0.445,8.3E-05,0.00368397550000009
80.496,77.200,0.446,8.3E-05,0.0036923025000001
80.596,77.300,0.447,8.3E-05,0.0037006435000001
80.696,77.400,0.448,8.3E-05,0.0037089795000001
80.796,77.500,0.449,8.4E-05,0.00371732500000011
80.896,77.600,0.45,8.5E-05,0.00372569050000011
80.996,77.700,0.451,8.5E-05,0.00373403750000011
81.096,77.800,0.452,8.4E-05,0.00374242300000011
81.196,77.900,0.453,8.4E-05,0.00375079200000012
81.296,78.000,0.454,8.4E-05,0.00375916700000012
81.396,78.100,0.455,8.5E-05,0.00376754850000012
81.496,78.200,0.456,8.5E-05,0.00377593150000012
81.596,78.300,0.457,8.3E-05,0.00378431150000012
81.696,78.400,0.458,8.4E-05,0.00379269900000012
81.796,78.500,0.459,8.3E-05,0.00380108050000012
81.896,78.600,0.46,8.5E-05,0.00380948850000012
81.996,78.700,0.461,8.4E-05,0.00381793600000012
82.096,78.800,0.462,8.5E-05,0.00382634450000012
82.196,78.900,0.463,8.5E-05,0.00383474150000012
82.296,79.000,0.464,8.5E-05,0.00384314050000012
82.396,79.100,0.465,8.5E-05,0.00385158750000011
82.496,79.200,0.466,8.5E-05,0.00386002350000011
82.596,79.300,0.467,8.5E-05,0.00386847550000011
82.696,79.400,0.468,8.5E-05,0.00387692250000011
82.796,79.500,0.469,8.4E-05,0.00388539900000011
82.896,79.600,0.47,8.6E-05,0.0038938730000001
82.996,79.700,0.471,8.2E-05,0.0039023490000001
83.096,79.800,0.472,8.5E-05,0.0039108315000001
83.196,79.900,0.473,8.5E-05,0.00391931050000009
83.296,80.000,0.474,8.4E-05,0.00392780600000009
83.396,80.100,0.475,8.6E-05,0.00393628400000009
83.496,80.200,0.476,8.6E-05,0.00394479600000009
83.596,80.300,0.477,8.4E-05,0.00395330300000009
83.696,80.400,0.478,8.6E-05,0.00396177700000009
83.796,80.500,0.479,8.5E-05,0.00397028250000009
83.896,80.600,0.48,8.5E-05,0.00397876850000009
83.996,80.700,0.481,8.5E-05,0.0039872975000001
84.096,80.800,0.482,8.6E-05,0.0039958160000001
84.196,80.900,0.483,8.5E-05,0.0040043505000001
84.296,81.000,0.484,8.7E-05,0.0040128775000001
84.396,81.100,0.485,8.6E-05,0.0040214440000001
84.496,81.200,0.486,8.6E-05,0.00402998900000011
84.596,81.300,0.487,8.5E-05,0.00403856450000011
84.696,81.400,0.488,8.6E-05,0.00404712400000012
84.796,81.500,0.489,8.7E-05,0.00405570850000012
84.896,81.600,0.49,8.5E-05,0.00406429050000013
84.996,81.700,0.491,8.6E-05,0.00407286500000013
85.096,81.800,0.492,8.6E-05,0.00408144300000014
85.196,81.900,0.493,8.7E-05,0.00409005850000014
85.296,82.000,0.494,8.7E-05,0.00409866650000015
85.396,82.100,0.495,8.6E-05,0.00410728200000015
85.496,82.200,0.496,8.6E-05,0.00411590300000016
85.596,82.300,0.497,8.7E-05,0.00412450250000016
85.696,82.400,0.498,8.7E-05,0.00413316550000016
85.796,82.500,0.499,8.7E-05,0.00414181550000016
85.896,82.600,0.5,8.6E-05,0.00415048500000017
85.996,82.700,0.501,8.6E-05,0.00415914500000017
86.096,82.800,0.502,8.7E-05,0.00416777450000017
86.196,82.900,0.503,8.8E-05,0.00417646000000017
86.296,83.000,0.504,8.6E-05,0.00418515600000016
86.396,83.100,0.505,8.7E-05,0.00419385550000016
86.496,83.200,0.506,8.7E-05,0.00420254950000016
86.596,83.300,0.507,8.7E-05,0.00421123050000015
86.696,83.400,0.508,8.8E-05,0.00421993300000015
86.796,83.500,0.509,8.8E-05,0.00422863700000015
86.896,83.600,0.51,8.8E-05,0.00423735700000015
86.996,83.700,0.511,8.6E-05,0.00424609600000015
87.096,83.800,0.512,8.8E-05,0.00425482700000014
87.196,83.900,0.513,8.7E-05,0.00426356650000014
87.296,84.000,0.514,8.7E-05,0.00427229750000013
87.396,84.100,0.515,8.8E-05,0.00428103100000013
87.496,84.200,0.516,8.7E-05,0.00428976850000013
87.596,84.300,0.517,8.7E-05,0.00429854550000012
87.696,84.400,0.518,8.7E-05,0.00430731050000011
87.796,84.500,0.519,8.8E-05,0.00431608400000011
87.896,84.600,0.52,9E-05,0.0043248930000001
87.996,84.700,0.521,8.8E-05,0.00433370600000009
88.096,84.800,0.522,8.8E-05,0.00434249700000008
88.196,84.900,0.523,8.9E-05,0.00435129150000007
88.296,85.000,0.524,8.8E-05,0.00436011100000006
88.396,85.100,0.525,8.8E-05,0.00436894000000005
88.496,85.200,0.526,8.8E-05,0.00437778500000004
88.596,85.300,0.527,8.8E-05,0.00438661300000003
88.696,85.400,0.528,8.9E-05,0.00439546850000001
88.796,85.500,0.529,8.8E-05,0.004404344
88.896,85.600,0.53,8.9E-05,0.00441317449999999
88.996,85.700,0.531,8.8E-05,0.00442198899999998
89.096,85.800,0.532,8.9E-05,0.00443085749999996
89.196,85.900,0.533,8.9E-05,0.00443970949999995
89.296,86.000,0.534,8.9E-05,0.00444857749999994
89.396,86.100,0.535,9E-05,0.00445747299999992
89.496,86.200,0.536,8.9E-05,0.00446636249999991
89.596,86.300,0.537,8.9E-05,0.0044752724999999
89.696,86.400,0.538,8.9E-05,0.00448417549999988
89.796,86.500,0.539,8.9E-05,0.00449307149999987
89.896,86.600,0.54,8.9E-05,0.00450198849999985
89.996,86.700,0.541,9E-05,0.00451095099999985
90.096,86.800,0.542,8.8E-05,0.00451987199999983
90.196,86.900,0.543,9E-05,0.00452878799999982
90.296,87.000,0.544,8.9E-05,0.00453774149999981
90.396,87.100,0.545,9E-05,0.00454670899999981
90.496,87.200,0.546,9E-05,0.0045556799999998
90.596,87.300,0.547,9E-05,0.00456467299999979
90.696,87.400,0.548,8.9E-05,0.00457365349999979
90.796,87.500,0.549,9E-05,0.00458265399999979
90.896,87.600,0.55,9.1E-05,0.00459166849999978
90.996,87.700,0.551,8.9E-05,0.00460069649999978
91.096,87.800,0.552,9E-05,0.00460969999999978
91.196,87.900,0.553,9E-05,0.00461870499999978
91.296,88.000,0.554,9.2E-05,0.00462774599999978
91.396,88.100,0.555,9.1E-05,0.00463680649999978
91.496,88.200,0.556,9.1E-05,0.00464586449999979
91.596,88.300,0.557,9E-05,0.00465490299999979
91.696,88.400,0.558,9E-05,0.00466397299999979
91.796,88.500,0.559,9E-05,0.00467302799999979
91.896,88.600,0.56,9.1E-05,0.00468211949999979
91.996,88.700,0.561,9.1E-05,0.00469118949999979
92.096,88.800,0.562,9.1E-05,0.00470028049999979
92.196,88.900,0.563,9.1E-05,0.00470938849999979
92.296,89.000,0.564,9.1E-05,0.00471847649999979
92.396,89.100,0.565,9.1E-05,0.00472760049999979
92.496,89.200,0.566,9.1E-05,0.00473671649999979
92.596,89.300,0.567,9E-05,0.00474583699999979
92.696,89.400,0.568,9.1E-05,0.00475497149999979
92.796,89.500,0.569,9.2E-05,0.00476412999999979
92.896,89.600,0.57,9.2E-05,0.00477331199999979
92.996,89.700,0.571,9.1E-05,0.00478250349999978
93.096,89.800,0.572,9.3E-05,0.00479168249999978
93.196,89.900,0.573,9.3E-05,0.00480087549999978
93.296,90.000,0.574,9.1E-05,0.00481011049999977
93.396,90.100,0.575,9.3E-05,0.00481934049999977
93.496,90.200,0.576,9.3E-05,0.00482857949999976
93.596,90.300,0.577,9.3E-05,0.00483781249999976
93.696,90.400,0.578,9.3E-05,0.00484708349999976
93.796,90.500,0.579,9.3E-05,0.00485634949999975
93.896,90.600,0.58,9.1E-05,0.00486560349999974
93.996,90.700,0.581,9.2E-05,0.00487489699999974
94.096,90.800,0.582,9.3E-05,0.00488418449999974
94.196,90.900,0.583,9.2E-05,0.00489346499999974
94.296,91.000,0.584,9.2E-05,0.00490276099999974
94.396,91.100,0.585,9.4E-05,0.00491209699999975
94.496,91.200,0.586,9.3E-05,0.00492142449999975
94.596,91.300,0.587,9.3E-05,0.00493075149999975
94.696,91.400,0.588,9.4E-05,0.00494011199999976
94.796,91.500,0.589,9.4E-05,0.00494946599999976
94.896,91.600,0.59,9.5E-05,0.00495885149999976
94.996,91.700,0.591,9.5E-05,0.00496823149999977
95.096,91.800,0.592,9.4E-05,0.00497767399999978
95.196,91.900,0.593,9.4E-05,0.00498707799999979
95.296,92.000,0.594,9.4E-05,0.0049965219999998
95.396,92.100,0.595,9.4E-05,0.00500595499999981
95.496,92.200,0.596,9.6E-05,0.00501540599999981
95.596,92.300,0.597,9.3E-05,0.00502487149999982
95.696,92.400,0.598,9.5E-05,0.00503436249999982
95.796,92.500,0.599,9.5E-05,0.00504384449999982
95.896,92.600,0.6,9.7E-05,0.00505335449999982
95.996,92.700,0.601,9.6E-05,0.00506289799999983
96.096,92.800,0.602,9.5E-05,0.00507241949999983
96.196,92.900,0.603,9.6E-05,0.00508195399999983
96.296,93.000,0.604,9.5E-05,0.00509149149999983
96.396,93.100,0.605,9.5E-05,0.00510104849999983
96.496,93.200,0.606,9.6E-05,0.00511063299999982
96.596,93.300,0.607,9.5E-05,0.00512019849999982
96.696,93.400,0.608,9.5E-05,0.00512978749999982
96.796,93.500,0.609,9.7E-05,0.00513938749999982
96.896,93.600,0.61,9.7E-05,0.00514901349999983
96.996,93.700,0.611,9.6E-05,0.00515859699999982
97.096,93.800,0.612,9.6E-05,0.00516823499999982
97.196,93.900,0.613,9.7E-05,0.00517791249999981
97.296,94.000,0.614,9.6E-05,0.00518761099999981
97.396,94.100,0.615,9.7E-05,0.0051973284999998
97.496,94.200,0.616,9.8E-05,0.00520703399999979
97.596,94.300,0.617,9.7E-05,0.00521677649999978
97.696,94.400,0.618,9.8E-05,0.00522649499999978
97.796,94.500,0.619,9.7E-05,0.00523624649999977
97.896,94.600,0.62,9.8E-05,0.00524601399999976
97.996,94.700,0.621,9.7E-05,0.00525578949999976
98.096,94.800,0.622,9.9E-05,0.00526557249999976
98.196,94.900,0.623,9.9E-05,0.00527540349999975
98.296,95.000,0.624,9.8E-05,0.00528526199999976
98.396,95.100,0.625,9.9E-05,0.00529510749999975
98.496,95.200,0.626,9.9E-05,0.00530498249999975
98.596,95.300,0.627,9.9E-05,0.00531489049999976
98.696,95.400,0.628,9.9E-05,0.00532480149999977
98.796,95.500,0.629,0.0001,0.00533475999999978
98.896,95.600,0.63,9.9E-05,0.00534468349999978
98.996,95.700,0.631,0.0001,0.00535464199999979
99.096,95.800,0.632,0.0001,0.00536461399999979
99.196,95.900,0.633,0.0001,0.0053746229999998
99.296,96.000,0.634,0.0001,0.0053846549999998
99.396,96.100,0.635,0.0001,0.0053946879999998
99.496,96.200,0.636,0.0001,0.00540474299999981
99.596,96.300,0.637,0.0001,0.00541483999999981
99.696,96.400,0.638,0.000101,0.00542492649999981
99.796,96.500,0.639,0.000101,0.00543505849999981
99.896,96.600,0.64,0.000102,0.0054451899999998
99.996,96.700,0.641,0.000102,0.00545536199999978
100.096,96.800,0.642,0.000101,0.00546555849999977
100.196,96.900,0.643,0.000103,0.00547576449999976
100.296,97.000,0.644,0.000103,0.00548600149999974
100.396,97.100,0.645,0.000104,0.00549621399999973
100.496,97.200,0.646,0.000102,0.00550649699999972
100.596,97.300,0.647,0.000104,0.00551681099999971
100.696,97.400,0.648,0.000104,0.00552714699999971
100.796,97.500,0.649,0.000105,0.00553752049999971
100.896,97.600,0.65,0.000104,0.00554794099999971
100.996,97.700,0.651,0.000105,0.00555834349999971
101.096,97.800,0.652,0.000104,0.00556877299999972
101.196,97.900,0.653,0.000105,0.00557925149999972
101.296,98.000,0.654,0.000106,0.00558977699999972
101.396,98.100,0.655,0.000105,0.00560028449999973
101.496,98.200,0.656,0.000106,0.00561084799999973
101.596,98.300,0.657,0.000106,0.00562144199999973
101.696,98.400,0.658,0.000106,0.00563206599999974
101.796,98.500,0.659,0.000107,0.00564269249999975
101.896,98.600,0.66,0.000107,0.00565338249999976
101.996,98.700,0.661,0.000106,0.00566410199999976
102.096,98.800,0.662,0.000107,0.00567485549999977
102.196,98.900,0.663,0.000108,0.00568567799999977
102.296,99.000,0.664,0.000109,0.00569650449999977
102.396,99.100,0.665,0.000109,0.00570734249999977
102.496,99.200,0.666,0.00011,0.00571824899999977
102.596,99.300,0.667,0.00011,0.00572922299999977
102.696,99.400,0.668,0.000109,0.00574020049999977
102.796,99.500,0.669,0.000111,0.00575123649999977
102.896,99.600,0.67,0.000111,0.00576229749999977
102.996,99.700,0.671,0.000111,0.00577337649999977
103.096,99.800,0.672,0.000113,0.00578450749999977
103.196,99.900,0.673,0.000113,0.00579569549999978
103.296,100.000,0.674,0.000112,0.00580696099999978
103.396,100.100,0.675,0.000113,0.00581823549999978
103.496,100.200,0.676,0.000115,0.00582962649999978
103.596,100.300,0.677,0.000113,0.00584104349999978
103.696,100.400,0.678,0.000115,0.00585248149999978
103.796,100.500,0.679,0.000117,0.00586400649999978
103.896,100.600,0.68,0.000116,0.00587556899999978
103.996,100.700,0.681,0.000116,0.00588716699999977
104.096,100.800,0.682,0.000115,0.00589880649999978
104.196,100.900,0.683,0.000117,0.00591052749999979
104.296,101.000,0.684,0.000119,0.00592231449999978
104.396,101.100,0.685,0.000118,0.00593418499999978
104.496,101.200,0.686,0.000119,0.00594607749999978
104.596,101.300,0.687,0.000121,0.00595809149999978
104.696,101.400,0.688,0.000121,0.00597011649999977
104.796,101.500,0.689,0.000122,0.00598221099999977
104.896,101.600,0.69,0.000121,0.00599437649999977
104.996,101.700,0.691,0.000123,0.00600658449999978
105.096,101.800,0.692,0.000124,0.00601889299999978
105.196,101.900,0.693,0.000124,0.00603129799999978
105.296,102.000,0.694,0.000125,0.00604374749999979
105.396,102.100,0.695,0.000127,0.00605632349999979
105.496,102.200,0.696,0.000126,0.00606894699999978
105.596,102.300,0.697,0.000127,0.00608169649999978
105.696,102.400,0.698,0.00013,0.00609450299999977
105.796,102.500,0.699,0.00013,0.00610739999999977
105.896,102.600,0.7,0.000131,0.00612038149999977
105.996,102.700,0.701,0.000132,0.00613348399999978
106.096,102.800,0.702,0.000131,0.00614666049999978
106.196,102.900,0.703,0.000133,0.00615994049999977
106.296,103.000,0.704,0.000134,0.00617329699999976
106.396,103.100,0.705,0.000136,0.00618676599999976
106.496,103.200,0.706,0.000136,0.00620038499999976
106.596,103.300,0.707,0.000138,0.00621406699999977
106.696,103.400,0.708,0.000139,0.00622788549999978
106.796,103.500,0.709,0.000139,0.00624184149999978
106.896,103.600,0.71,0.000142,0.00625590699999977
106.996,103.700,0.711,0.000143,0.00627009449999977
107.096,103.800,0.712,0.000144,0.00628440099999979
107.196,103.900,0.713,0.000145,0.00629887349999978
107.296,104.000,0.714,0.000148,0.00631347299999977
107.396,104.100,0.715,0.000148,0.00632820999999977
107.496,104.200,0.716,0.000149,0.00634314049999977
107.596,104.300,0.717,0.000151,0.00635819249999976
107.696,104.400,0.718,0.000153,0.00637338949999976
107.796,104.500,0.719,0.000155,0.00638876249999976
107.896,104.600,0.72,0.000156,0.00640429199999975
107.996,104.700,0.721,0.000158,0.00642001899999976
108.096,104.800,0.722,0.00016,0.00643588799999976
108.196,104.900,0.723,0.000163,0.00645196549999976
108.296,105.000,0.724,0.000164,0.00646824699999976
108.396,105.100,0.725,0.000166,0.00648472899999976
108.496,105.200,0.726,0.000168,0.00650138399999976
108.596,105.300,0.727,0.00017,0.00651823399999976
108.696,105.400,0.728,0.000174,0.00653534399999976
108.796,105.500,0.729,0.000174,0.00655263299999977
108.896,105.600,0.73,0.000177,0.00657015349999976
108.996,105.700,0.731,0.00018,0.00658793199999975
109.096,105.800,0.732,0.000179,0.00660599049999975
109.196,105.900,0.733,0.000185,0.00662427549999974
109.296,106.000,0.734,0.000188,0.00664282099999975
109.396,106.100,0.735,0.00019,0.00666163399999976
109.496,106.200,0.736,0.000191,0.00668074049999975
109.596,106.300,0.737,0.000196,0.00670014599999975
109.696,106.400,0.738,0.000198,0.00671981999999975
109.796,106.500,0.739,0.000201,0.00673980549999975
109.896,106.600,0.74,0.000205,0.00676006949999975
109.996,106.700,0.741,0.000206,0.00678067299999975
110.096,106.800,0.742,0.00021,0.00680154299999976
110.196,106.900,0.743,0.000214,0.00682273499999976
110.296,107.000,0.744,0.000216,0.00684426199999977
110.396,107.100,0.745,0.00022,0.00686614199999976
110.496,107.200,0.746,0.000224,0.00688836999999976
110.596,107.300,0.747,0.000228,0.00691097499999976
110.696,107.400,0.748,0.000232,0.00693395799999975
110.796,107.500,0.749,0.000235,0.00695728449999975
110.896,107.600,0.75,0.00024,0.00698105899999975
110.996,107.700,0.751,0.000242,0.00700518099999974
111.096,107.800,0.752,0.000248,0.00702972099999974
111.196,107.900,0.753,0.000251,0.00705466649999973
111.296,108.000,0.754,0.000255,0.00708003849999974
111.396,108.100,0.755,0.00026,0.00710584099999974
111.496,108.200,0.756,0.000264,0.00713208699999973
111.596,108.300,0.757,0.000269,0.00715880149999973
111.696,108.400,0.758,0.000274,0.00718599399999973
111.796,108.500,0.759,0.000278,0.00721364199999973
111.896,108.600,0.76,0.000284,0.00724176799999973
111.996,108.700,0.761,0.00029,0.00727042999999973
112.096,108.800,0.762,0.000295,0.00729958149999973
112.196,108.900,0.763,0.000299,0.00732925149999973
112.296,109.000,0.764,0.000304,0.00735946999999974
112.396,109.100,0.765,0.00031,0.00739020799999973
112.496,109.200,0.766,0.000315,0.00742152949999973
112.596,109.300,0.767,0.000321,0.00745342149999974
112.696,109.400,0.768,0.000327,0.00748591549999974
112.796,109.500,0.769,0.000334,0.00751905699999974
112.896,109.600,0.77,0.000341,0.00755282949999974
112.996,109.700,0.771,0.000346,0.00758716699999974
113.096,109.800,0.772,0.000354,0.00762215999999974
113.196,109.900,0.773,0.00036,0.00765780099999974
113.296,110.000,0.774,0.000366,0.00769411199999975
113.396,110.100,0.775,0.000372,0.00773110499999975
113.496,110.200,0.776,0.00038,0.00776884099999974
113.596,110.300,0.777,0.000389,0.00780733349999975
113.696,110.400,0.778,0.000396,0.00784656599999974
113.796,110.500,0.779,0.000402,0.00788649699999974
113.896,110.600,0.78,0.00041,0.00792717899999975
113.996,110.700,0.781,0.000418,0.00796858799999975
114.096,110.800,0.782,0.000426,0.00801081999999975
114.196,110.900,0.783,0.000434,0.00805381499999975
114.296,111.000,0.784,0.000441,0.00809762949999976
114.396,111.100,0.785,0.00045,0.00814225199999975
114.496,111.200,0.786,0.000458,0.00818771199999976
114.596,111.300,0.787,0.000466,0.00823401999999975
114.696,111.400,0.788,0.000476,0.00828116099999975
114.796,111.500,0.789,0.000484,0.00832918299999975
114.896,111.600,0.79,0.000494,0.00837809899999974
114.996,111.700,0.791,0.000504,0.00842795799999975
115.096,111.800,0.792,0.000511,0.00847871349999976
115.196,111.900,0.793,0.00052,0.00853040299999975
115.296,112.000,0.794,0.00053,0.00858304299999976
115.396,112.100,0.795,0.00054,0.00863660299999976
115.496,112.200,0.796,0.00055,0.00869117599999975
115.596,112.300,0.797,0.00056,0.00874673499999975
115.696,112.400,0.798,0.00057,0.00880324699999974
115.796,112.500,0.799,0.000581,0.00886085649999974
115.896,112.600,0.8,0.000591,0.00891954649999975
